sample	Formate	Adenine	Tryptophan	Benzoate	Tyrosine	__4Hydroxyphenyllactate	Maltose	__13Dihydroxyacetone	Threonine	Lactate	Serine	Glycerol	Fructose	Glycine	Glucose	Methanol	Taurine	snGlycero3phosphocholine	OAcetylcholine	Choline	Ethanolamine	Phenylalanine	Creatinine	Creatine	Cadaverine	Asparagine	Aspartate	Sarcosine	DMA	Glutamine	Succinate	Pyruvate	Glutamate	__4Aminobutyrate	__5Aminopentanoate	OAcetylcarnitine	Methionine	Proline	Acetate	Alanine	__3Hydroxyisovalerate	Ethanol	Isopropanol	__23Butanediol	Propionate	Isoleucine	Valine	Leucine
1	0.00890694642925641	0.0127354412131262	0.0192640499842129	0.00651357029798845	0.0970501314945134	0.0219564471625457	0.564955274342915	0.0293533631824483	0.200640877502064	10.1977759619423	0.543450649446014	0.547654249981423	0.0388336270943872	0.407994663105693	0.0159101859871979	0.0106010620040079	0.307782030828827	0.0262212192947186	0.0049374521178117	0.00924327663452821	0.0370599292264698	0.0578705809372501	0.0493389530118554	0.0769066896905115	0.0253410248535641	0.0375583284892066	0.0726438067392085	0.0634935210302398	0.00142433438532022	0.138725934942128	0.110110846322674	0.0582056975946137	0.612523407503489	0.0698629257987768	0.0592308610543735	0.00420506930872244	0.0302361524521161	0.0104262286558238	0.521929045549763	0.248861177510774	0.00541327999860853	0.044063829992537	0.00131696564059095	0.00582753600457446	0.0126061369305536	0.13676463326103	0.13721249785623	0.291611147990431
2	0.129928930250668	0.0153905179395185	0.00147024106012264	0.128700505364449	0.225567159794567	0.0150147744877659	1.27305824281615	0.00418259373621021	0.0545156774530432	0.357559382121521	0.0665843621541824	1.08124135422005	0.231148633052229	0.0991808167437733	0.711862098910122	0.017946678341903	0.384974233692287	0.0164633373851846	0.00651690034485368	0.0163304653430008	0.0497300446014669	0.0791072605401764	0.0783717620699402	0.123559098285566	0.228029704270064	0.139587285432973	0.0237043101705618	0.00428674888084651	0.000596602010182596	0.108799234474701	2.02672392339908	0.502031835849785	0.0759513869040213	0.0351091350379098	0.0964363832864218	0.00329960008326733	0.0633218365498789	0.0203523128389693	2.89668376579605	0.399944026347607	0.0048889506137326	0.081559341979892	0.00869079579021615	0.00119232874147804	0.0678922786996931	0.027159384071659	0.0701128846604648	0.0568045787777307
3	0.0173325781288093	0.043798126259159	0.0169620857534339	0.030917853963633	0.0643739257832286	0.0165770679980344	0.579668810801885	0.00614788170569534	0.0922639813555845	7.91755696018467	0.336418697605445	0.465295212849607	0.116288968628911	0.358016733652339	0.069234514775419	0.0188609033876509	0.58357578817157	0.0351766671508387	0.00190760532616156	0.0162655472761812	0.0471901360988967	0.0680823545856612	0.242175247502991	0.0790660194351022	0.0138610684943443	0.0521290639153657	0.0588443764192711	0.0178526022135731	0.00840740701749365	0.186841287504834	0.06632290605839	0.0349089508497229	0.327314919272919	0.0418061249475404	0.0295259418154565	0.00999455478779908	0.0541571747638188	0.0116962841719395	0.119398330135159	0.204613973891207	0.00588514510186023	0.0694348474557452	0.00186571718873338	0.00108962442737701	0.0158920839619865	0.0836059535147052	0.0966285029548132	0.172611295503194
4	0.0355946702072578	0.0402174241082073	0.0136915719163704	0.0310080036546682	0.0441192410517921	0.010509192882193	1.04360001665999	0.00480857140478619	0.132865897058949	4.34424004957919	0.294169789708075	1.16200731527545	0.206161358684004	0.231231264060152	0.345848272695466	0.0150198361598518	0.58619663895915	0.0626498679236997	0.00240639403553734	0.0259544549830291	0.0498836704413547	0.0680823545856612	0.0529270227876412	0.112675553292874	0.0391499725274242	0.0251283155587312	0.0382575789764614	0.00628146841059387	0.00144915453710979	0.178516274557912	0.0873175263963673	0.0167284504595067	0.245036385220678	0.0207046161162702	0.046922919654982	0.0109292258603572	0.047597296419635	0.0123325920840705	0.0746409603532729	0.161842719268045	0.00462858561558042	0.0485476938770825	0.00156126360526149	0.00396685503492017	0.00713631280552455	0.0541959244762476	0.0732162281493578	0.145283676726705
5	0.0396719227356947	0.0388128710107233	0.0224298395238006	0.047549522511205	0.113556645881071	0.0186307109734981	0.0844939455158242	0.0150801928678614	0.185589759362406	7.96416963660482	0.285959806071878	0.260862653011532	0.0352947909217055	0.243539787915637	0.0282879852788599	0.0135213672554233	0.44958077114847	0.0258970124382824	0.00819394545413849	0.0227964704117322	0.0440216731246196	0.123261098006696	0.181580736745122	0.0718180879906467	0.0877889712878645	0.0779546748058319	0.102190666369068	0.0532550620257655	0.00747150200894829	0.13646967660255	0.3715197760244	0.0281446183977864	0.557781500655053	0.0639400958743329	0.107016126492862	0.00654516439867055	0.0595893595802534	0.01652000163158	0.418787083876713	0.276552007110351	0.00601584170555746	0.0352266944411379	0.00194996004580988	0.00450025829191158	0.0337473654452752	0.146059678462952	0.157550802435103	0.388444855625067
6	0.026539882176524	0.0614879011874159	0.0198957875818844	0.0347563656934836	0.0846608564466827	0.00476463159016659	0.151680142707707	0.010565979340279	0.187416183700712	8.7286231130184	0.29508558601032	0.226123326177767	0.0860087006149746	0.205160959740281	0.121439875031917	0.0188646559310174	0.659817872736165	0.0407896918010982	0.0045752070632789	0.0260243499889185	0.0581375648594387	0.0958948788019791	0.0500441008600397	0.127053615546869	0.0615788453526715	0.0213967271047192	0.117742827083175	0.0153969948393051	0.00155339212357411	0.122742003378622	0.287053594148408	0.0238269033964624	0.612523407503489	0.0441314740108586	0.0642976392715753	0.0108720839883563	0.0660012610866918	0.0236277524478921	0.124759672877725	0.260191458945637	0.00677929620232727	0.0196353073906798	0.00171932008432689	0.00176349137266886	0.00830630575371015	0.110208140355026	0.137420490469116	0.226051222430011
7	0.0771319580083233	0.0205269579705125	0.0404705017317015	0.163044688532649	0.0524375631849304	0.0430090471032947	1.36424604448391	0.195323037419589	0.134242876379824	10.910633497025	0.190262023831465	2.12789477847478	0.818685912940788	0.33095090790506	0.242915270609049	0.0322547089224758	0.498059356228213	0.0396417104553078	0.00979734382527471	0.0129936339324128	0.0510557558561728	0.0549383998213233	0.507635065554922	0.0821709779438895	0.0382184776068781	0.059880417643779	0.0629907944792055	0.0214504325638014	0.0838982505196151	0.0525702574216047	0.280173762697229	0.0372635881918832	0.0959470448894916	0.523012524942714	0.0844966804032228	0.00582642054419865	0.0195828438791069	0.00258790496274965	0.35954732534828	0.207356383977021	0.0115240511592315	0.119826280254451	0.00445927551917083	0.0172939886236999	0.0168617978525048	0.0610417089133692	0.107785828382533	0.186308939062331
8	0.0882203888254976	0.0413269868073551	0.0153110633204264	0.136339232729629	0.0801026027466112	0.016432966132838	0.128276295816931	0.0151212233350633	0.199679755440096	10.0901560736933	0.215769857230476	0.430893143929698	0.0637930523955719	0.244637843414293	0.000148855843323008	0.0442295923159873	0.647210352625002	0.0629401436570594	0.00504845186083347	0.0180209223231403	0.0571594881130133	0.0571607279720029	0.207349499281717	0.126089029445692	0.0822812018417608	0.0158521093399551	0.0930157411656695	0.00439881211409339	0.00542003018116033	0.136811925180158	0.0484903414153511	0.0219310735125405	0.596335109484224	0.000126556144814033	0.0620640902714861	0.00963445531911966	0.0634579754503036	0.000200712257492236	0.304058897238137	0.251664825734487	0.0166683063500341	0.137633101799285	0.00376775630344373	0.000124300077019331	0.0256502467251947	0.0531762775301608	0.142002410805366	0.267895298312504
9	0.0242549306352835	0.031627809121089	0.0268170522263517	0.029396254755904	0.0757476219091783	0.022055164063313	1.05680882161743	0.00827109041256194	0.13404168574306	10.7351620271638	0.19334173529493	0.515613728297134	0.154254464484086	0.269920431666708	0.809419604270833	0.0251986102385663	0.700165908966001	0.0427403016223139	0.00259092115106768	0.0232451934502307	0.0476797689795695	0.06351517537136	0.0803606913626496	0.0815716034737273	0.179032119877926	0.0259291865395201	0.050797414437887	0.0064244038801743	0.00800833506453394	0.0290735545345282	0.0438294769250697	0.0491191408361639	0.0947776921948371	0.409696195853291	0.0831846353758156	0.00459235187316997	0.0388159927428217	0.020687468891382	0.0850738471588166	0.255079491290841	0.00933030199696589	0.0652190918371637	0.00367229564113465	0.00359481453511012	0.00907336343129689	0.0765572847855455	0.143041453973333	0.204233886674966
10	0.0180847987055715	0.0239934544696865	0.0197145321520862	0.0259283382163485	0.106208574884517	0.0331080136548559	0.110086281383532	0.00759212837340061	0.181629591240917	8.70769613866642	0.244915356693911	0.137172818616117	0.0118097711141237	0.251002516862598	0.026625641002806	0.0104061603522968	0.338039293990302	0.0275078619720881	0.00126015484914949	0.0116060134848621	0.021379351249097	0.0793812127348671	0.0390912974083827	0.0742604192465384	0.45155424434186	0.0666086956040044	0.104562546508775	0.0675351742583866	0.00531902593182628	0.0933897881202111	0.315586332901925	0.175912517974435	0.62857456757278	0.0878743593336539	0.114238189119591	0.00442488215610138	0.0372970644319679	0.021714491127226	0.498561721710973	0.19330105820023	0.00357168095871808	0.0464407883372642	0.00559272576838052	0.0085494620514466	0.0173895045388179	0.147085853588989	0.127939118027164	0.33643559725461
11	0.0367994834240338	0.0426010623395949	0.0287763269584283	0.0473240672324948	0.0752826725656623	0.0204382414010163	0.38777184582119	0.00395051112808583	0.186180766810528	7.80298153608303	0.222746433490987	0.290286527843469	0.0655305003527298	0.154464224944527	0.0974812619236437	0.0247856097249092	0.518450016631668	0.0448745051038054	0.00158153517975995	0.0241388767313437	0.0605027144001837	0.0931066544319977	0.0447286558522217	0.0716048509954244	0.0277263063626	0.0422708604697942	0.0870981245202087	0.0395226795229225	0.00386234484084416	0.0823172649952448	0.0909890393713304	0.0485019047335726	0.548949378463215	0.0698046282574633	0.0319543282000916	0.0052335642882177	0.0416263313887921	0.0169045811894014	0.216199889733637	0.234274000218503	0.0102200986692763	0.0721071268309328	0.00235463884398489	0.00517548057107584	0.024924226840415	0.123204933636355	0.11279459702517	0.248856554891833
12	0.0211080947777324	0.0450470781065829	0.0254529568788186	0.015822087481463	0.101475073177975	0.0290338862538928	0.0377714679181227	0.0136031345574223	0.224279425978213	7.90947482212165	0.276043193792371	0.0798112518580095	0.029640454585865	0.262989956716505	0.0207542833685802	0.0268321886795394	0.489078645948946	0.0262952451565564	0.0104958408513774	0.0123433396129473	0.0490903506051008	0.0823220688816618	0.16187872875651	0.0638016212110338	0.0841352792588109	0.0643722833059204	0.0897938043112299	0.037909698093152	0.0056199750128769	0.112161168368231	0.761780005963246	0.0363970911681176	0.596038189026307	0.093767870235279	0.131424552791456	0.0120430185216799	0.0708807974313859	0.0171761785802924	0.2259834569737	0.312412113135514	0.0127586128751337	0.0640976599995848	0.00414594974202009	0.0058053083123606	0.0187628382599763	0.149332737836941	0.134318839992717	0.274513995263579
15	0.108176947196434	0.0277638448055353	0.0207000548855728	0.148774704953097	0.0891975842771726	0.0137669720278967	0.373924206367737	0.00239918458812382	0.231383846527225	5.05066117752891	0.216379275817642	0.692947711647533	0.25000435886055	0.322085215529506	0.0656297314546383	0.0223410243567523	0.278275460837095	0.0571996726559144	0.00222917763525262	0.0224583907636422	0.0192752951764765	0.0468798797323173	0.073787221259829	0.106293953004518	0.0380373771251798	0.0688623654190455	0.106922589426624	0.00805434176755766	0.00163722892883875	0.191842089227035	0.237288451489022	0.0251357581665462	0.428521686375007	0.0336504742337813	0.087335555171534	0.00729133558395343	0.0804159354063014	0.0298929654928138	1.25083199685201	0.274733302725541	0.00809510770027534	0.0476950174268546	0.00289287143142003	0.0992341895180495	0.0216273444465326	0.0902894520509	0.114509460944672	0.192398265154313
16	0.0587106239317679	0.0143053840770242	0.0227309150118336	0.081261922892592	0.114826915371158	0.0198735668267639	0.523621844712787	0.0198176870604235	0.187655363942156	10.6574059997599	0.561902763575038	0.824040690414076	0.0453707707749608	0.368289952972203	0.00294335080438966	0.0306473297877343	0.401798906419656	0.0243268483126836	0.00125958496282985	0.00879793644958749	0.045204585053871	0.10402427425694	0.0484604375475847	0.059747059325862	0.0239053932832705	0.0397747726101951	0.109330771499155	0.0372249768714474	0.00251908849843072	0.185104677555714	0.0712604598134346	0.0105250318833855	0.549791712499795	0.0555647110033789	0.0844239702162343	0.00690226477872776	0.0738694862033545	0.0156408030373679	0.328815314764092	0.168751815430663	0.0134861354569825	0.014938095775971	0.00370527961652099	0.0011721502526837	0.00954399681628006	0.141858691048343	0.129409009482315	0.393152055454094
17	0.0405572695331644	0.0696592266437658	0.019578231224796	0.0400255818296023	0.0923520898656486	0.0145121885076964	0.276759589908127	0.00465051880136612	0.219902660127032	8.66533172302318	0.199996749626095	0.23008921741996	0.0308448042859104	0.237265766664226	0.0303614960488651	0.0269317522170506	0.690202192300827	0.0521915226264713	0.00224149639733197	0.0241388767313437	0.0481862294631207	0.106907762062183	0.0786276743637809	0.102778450379516	0.0601689910633015	0.0589519480182188	0.104354794446643	0.0200539324289029	0.00189896347433288	0.109758627228534	0.0704453997417015	0.0258043457083633	0.644478914746366	0.0437263876607866	0.0582987415445635	0.00845248006209698	0.0622048317278225	0.0169790082078779	0.206557727717262	0.181259919638893	0.0100060081422032	0.0729386595611247	0.00337104344994632	6.68440126419815e-06	0.00773366061581681	0.109143858474528	0.130364421221656	0.259783935013953
18	0.0372987714152589	0.0125590509457086	0.0223252934575942	0.0343636389406647	0.136183677274052	0.0227844350125036	1.01719040918453	0.00603875352191676	0.182069437918808	8.517811288921	0.146170665488914	0.790013047857435	0.195445066395601	0.350201114924337	0.0432191699942893	0.0320620194674541	0.498059356228213	0.0337762779836593	0.00562103081871844	0.0370830957906104	0.0317420562559615	0.0992928334438367	0.102320854507096	0.0627613042259566	0.068298834135391	0.0311413637831798	0.0213561625092424	0.0488396684058246	0.00334033850400532	0.079367462140629	0.574907827848061	0.242572311174234	0.439452333081124	0.05584525689522	0.0450341230079618	0.005271091933715	0.0277048640412406	0.0057766064905225	0.949156249050275	0.296933046991531	0.0113492427927005	0.0333592132699212	0.00378215903768441	0.00359254034862143	0.0334404783722834	0.101133206330857	0.140632325515464	0.276708093300696
19	1.0424232568658	0.0190561289146609	0.018912949223922	0.0534425409579771	0.0476972045216073	0.0124794066059777	2.28777770318008	0.00223478194908434	0.0715863518411709	1.92653527471704	0.107230909144338	1.11616676951813	0.392142253060046	0.280794323164064	0.757648100511018	0.0268260448969927	0.901870788340774	0.0186805988030704	0.0101146313746707	0.0455801371142485	0.0563468091995796	0.0624090729743152	0.0303152178514918	0.125689702613175	0.0552279744559747	0.0268004885579258	0.0340809561360847	0.0057885964824527	0.00154338139908871	0.141912897733094	0.373440734846237	0.216951975986673	0.207579103960556	0.0469230466014305	0.0971471672959759	0.00712066129792613	0.0339638269019219	0.0416270956109205	2.84177443108376	0.324981247501787	0.00644863511101555	0.0399156936538306	0.00420457600233924	0.00790444014836878	0.219868803265008	0.0261422824778705	0.0508877174223363	0.0814881214347809
21	0.0288297023171392	0.020652617740074	0.0183883663049791	0.0174187154004867	0.0804233915088151	0.0192987663339021	0.865964910120049	0.00551830507290886	0.142424967781215	11.8910526475465	0.536070392549277	0.832102743654045	0.0290046449071243	0.265296453983399	0.0221066651157475	0.0278037923567881	0.701411776542411	0.0345981101354518	0.00897666477999252	0.0133757511052636	0.0621306221031798	0.0910255139813457	0.117144268554344	0.142323961119339	0.0916256177719852	0.0313038604880691	0.0617089493802751	0.0565896806864706	0.00630392487803646	0.135112384008583	0.313213345816175	0.173347010960994	0.612523407503489	0.0860510353060408	0.117569312256796	0.00655373348667521	0.0309591523208292	0.015339869319725	0.790956603313202	0.184406334221749	0.010411032768574	0.0758973604666238	0.00262224669058319	0.00277618492848724	0.00569864804676565	0.11014203989595	0.113207480024784	0.273333757085729
22	0.0628120177856273	0.0289071795151866	0.0181650984397514	0.122716003865446	0.0758954767439696	0.0200663859835288	0.44833985288643	0.0177997793699805	0.15736829263852	6.8644440651446	0.354827607073478	0.661487192722691	0.071061790884083	0.287609669114802	0.0151423849420296	0.0228149482856938	0.323288252399468	0.0219715952084251	0.00478660829076905	0.0147526513598707	0.0424080675136592	0.0515978594904925	0.298302164010148	0.0420091709408233	0.0302509927127472	0.0140812719992612	0.0952853539078133	0.0463676352298255	0.0105939868133138	0.124290781337025	0.407397363719403	0.068848881564265	0.388365435602008	0.049407203209494	0.0539182444641396	0.00529640539516267	0.0206922927069271	0.00802070195127258	0.72720238303957	0.256546156900495	0.00937936878746114	0.082941816240532	0.00238924477820461	1.5982728124942e-05	0.0384345589567917	0.0930620388011516	0.120007979735889	0.225894982689051
23	0.0173878505718973	0.0162640602146252	0.0232976427196461	0.0126537735283727	0.0954396285893481	0.0296721212084295	0.231963795699248	0.00313588889026702	0.185518683846226	9.47505110504046	0.27799859971514	0.258989732570095	0.0109138753429072	0.320909032974567	0.0153566077936506	0.0311991623703378	0.489290875603975	0.0347375364562844	0.00939577636319885	0.014325455693334	0.044904568685573	0.0699075100729099	0.178234097355942	0.0883684253329256	0.0103213963584178	0.0423530176460353	0.0875282851257554	0.0722489787701146	0.00545472785504614	0.1316809887464	0.41800723042758	0.0337427226849108	0.623309032154208	0.110208679219434	0.125459578898517	0.00735972731470258	0.0372970644319679	0.0111791837503026	0.577815988549714	0.259426523782319	0.0114223874445001	0.0565232818216204	0.00237419119066678	0.0147313031574339	0.0308857974290896	0.146150581000382	0.121141937079777	0.377989423836589
24	0.0333884910595286	0.024728792839152	0.0289132905281952	0.0421080053831975	0.127006209802469	0.0247201685311267	1.1504277224341	0.0085993648779298	0.226063279527241	8.84699903890873	0.481457220223742	1.28241760923369	0.0344727753116005	0.357491511049136	0.0518179622521103	0.0496337783456811	0.257006028469119	0.0322087295144102	0.00559806623993422	0.018399788010761	0.0390879704991849	0.0588753882064071	0.0444987114346826	0.0690441594408465	0.0502685507223009	0.024967728625268	0.103664747657448	0.0343410239702985	0.00346928450254255	0.156144470719376	0.160202175937368	0.041292509930458	0.612523407503489	0.0585181871124344	0.0721316841528852	0.00791190596441034	0.06299403980707	0.0205283478102543	0.229560251992134	0.278603936265193	0.00695543818951271	0.0276990206940195	0.00332887329973936	0.000126597163983283	0.00849680625027367	0.116341068617619	0.160781892594946	0.331658600537986
25	0.00990362366419763	0.0100670604371662	0.0203626535931511	0.00450696467719585	0.106718129668849	0.0181291633162198	0.562460161304415	0.0164468493401712	0.202030252468767	7.60596677843513	0.273864308647751	0.514786366725226	0.020940555092735	0.253767256623356	0.023284872003291	0.0156499716863215	0.410772803215688	0.0303398407468745	0.00182202751323645	0.0192505409363221	0.0473968058141745	0.0680823545856612	0.0919722529946691	0.118860635830413	0.0443179453550564	0.0449137530299813	0.088937988104194	0.063258839710767	0.00316059907819151	0.125089469812561	0.125470758715876	0.14856443718449	0.523599835629914	0.0891589660987341	0.0769570856821114	0.00545193203202211	0.027322012853293	0.0170651569787502	0.368802897721311	0.339167162983644	0.00779263105511106	0.0839842537008386	0.00218809657008556	0.0065205570882267	0.0529138426950119	0.117651958939185	0.172314871698901	0.41267435005252
26	0.0432985713131131	0.0502053993832354	0.0209206569148805	0.0298366537964403	0.0675387647581942	0.0114675164062434	1.37303836746375	0.00586023776869802	0.178932587009182	6.17485133944632	0.278256559665185	0.975116790526479	0.10292598109571	0.267142258541357	0.0545906888009208	0.02547714209606	0.498059356228213	0.073041523098428	0.0031631992331505	0.0261501202926378	0.0929688670713407	0.108889596804725	0.0555818172422252	0.123389325645723	0.0501139796046602	0.064191182011096	0.097223678656743	0.0272913183868923	0.00275995045420698	0.205035942894902	0.0592300099502384	0.0563836110232393	0.55228496501317	0.0467647755738158	0.0264485336057174	0.00797603521678261	0.0550297705685372	0.019677055178589	0.290946897870494	0.21594658763423	0.00888176916357672	0.0548640552785363	0.00151042063496496	0.000980134155316962	0.0131284493542874	0.0804170536054503	0.108910812203002	0.191137780716126
27	0.354422998340734	0.00745854336098908	0.0214220728167106	0.0136078760841614	0.100750572938725	0.0159944929879046	1.45741630906336	0.0245155281392883	0.176875203623145	9.83082896046494	0.97418396473832	1.45563614690418	0.0501796279194976	0.392065529008367	0.0363880594621904	0.01151309552643	0.268742865973481	0.039726319909059	0.00933283778028724	0.0109649785208734	0.0280861314388927	0.0508593774946451	0.107174317547968	0.0657826637455169	0.123502512413853	0.0366433901179649	0.0537863507927455	0.0702741554506773	0.00382253792208444	0.126761227445665	0.145390255856191	0.00537125449645035	0.480272473493239	0.0981926249572019	0.0833395549463901	0.0107828449358867	0.0199695595906445	0.0124619792394009	1.1312843062511	0.234063849462708	0.0141417951242941	0.067123765426226	0.00252940206970714	0.0307063938006405	0.0551485719990145	0.147445844534182	0.132136009777525	0.244994553246244
28	0.235905349286949	0.027401982887834	0.0143821452553466	2.54586402095515e-05	0.0761554972696565	0.0146845202572406	0.372646180096242	0.0215721551920005	0.165607395167427	8.8036229939301	0.515968086524193	0.375338334700262	0.0403808206504306	0.344910692935227	0.0160992221608929	0.013345892627998	0.513868921815865	0.0317268074634684	0.00690104054959184	0.0160850121642135	0.044317464130373	0.0680823545856612	0.204974561676014	0.0848161090544081	0.054861458427795	0.037720298991032	0.0624772389017738	0.0541890938357436	0.00610882493244556	0.176956392848896	0.22995758257232	0.00268965789159986	0.484807031251666	0.0812917904131674	0.0641275292924967	0.00263574906934585	0.0200428037456817	0.0179604668765802	0.862030927067449	0.19417134520222	0.0167795439804253	0.0831053259432513	0.00209445494253172	0.00665197001296604	0.0372706000889109	0.0998567589158779	0.112567877906882	0.231831041297651
29	0.21426288515383	0.0155057068033151	0.0319276948521574	0.0276459850870368	0.0743404819356621	0.021078709082608	1.23605232884521	0.0187998656823057	0.202278512369607	9.50088830955886	0.556397125270258	3.20959777121923	0.0326718625460931	0.308756075439631	0.03239322904912	0.0142985122820038	0.279813314769699	0.0291175399250707	0.0112682801872407	0.0124712778716088	0.0371700117535216	0.0762616654682181	0.0496270455602313	0.0875918130287938	0.0710953191091615	0.0340771692825105	0.0224595065573827	0.0394110301002588	0.00404422150647697	0.251128141200472	0.247027311560342	0.0180954942457205	0.51492430601614	0.0607203566330656	0.0516311441572175	0.0177074287629009	0.0230533444056321	0.0209850028725567	1.48198170594837	0.16865465252901	0.0118094544414463	0.0720904627628286	0.00238038345289106	0.00584982366752896	0.0251741116242948	0.0666223384941222	0.11463345806742	0.223423834200388
30	0.636444801763651	0.0603176979492586	0.00254771307922231	0.0294984703269836	0.018178645386712	0.00548798557655589	0.611241234056077	0.0077253537414287	0.128995563099347	1.33571981870664	0.232294590783712	0.543656954127013	0.0552057581481735	0.2024113452617	0.356448027422587	0.0186606111283341	0.450900984402494	0.0238835296662873	0.0154675428473111	0.016712439145413	0.0236942510467301	0.0349544036762936	0.118585458585695	0.117394181564154	0.0274408446709777	0.0089821488309209	0.0310407071727744	0.0076123883036402	0.00443484995976042	0.216588627720329	0.036085646533881	0.0666262745205286	0.134144129103974	0.000211861569326854	0.0409151341699458	0.00712066129792612	0.019091781183839	0.000116691145435284	1.10614056854067	0.125841166709236	0.0173168704658508	0.0998633506724247	0.00471085881511723	0.00246065048525237	0.0410903408649696	0.0286788040226237	0.0363737778997676	0.056138462950609
31	0.307091903412455	0.0168343330698545	0.0208424148872343	0.00857479730976417	0.0748535059810009	0.0176943034810591	0.322224171030936	0.0155286575611068	0.12588003308723	9.61897398696983	0.362722371799271	0.987889608164418	0.107331140963829	0.232464011430062	0.00697302783936992	0.0120635006136279	0.373866616303807	0.0287680784877256	0.0032830368886319	0.0211280428394115	0.034155211411261	0.0566646565760786	0.0658270426256407	0.0718180879906467	0.0727545440591064	0.0276425032016266	0.0782372588691954	0.0492553165008543	0.00360244908464406	0.146861682052046	0.164240572055482	0.0763435011102736	0.529864970037448	0.15263479663412	0.0600101827149286	0.00610982121582667	0.0244987631659393	0.0103622948821856	0.679563563764717	0.220422826403089	0.0120803877745041	0.0812307479555975	0.00687350933772784	0.00707251364863752	0.030747711650862	0.0933855501758756	0.12081508676764	0.282714282669998
33	0.555527967318778	0.0382945386710935	0.0226069749861082	0.00614047935161271	0.0958469887070153	0.0240841750686767	0.154214916256282	0.00749221938770783	0.12398319264644	6.691116505283	0.178281584660878	0.121692634886354	0.0340622389309125	0.207792770961058	0.03274973602228	0.0170825605921929	0.410648540575203	0.0385659776941941	0.00944623228417279	0.0121730921931405	0.0298626798594189	0.0941444586476348	0.040450056928201	0.0659103333575932	0.0662584828052256	0.0699381608966014	0.0867318533790699	0.0309538088091492	0.00238798398001939	0.13295529301372	0.0571482066439026	0.0460149654839921	0.493794548176668	0.0473032074883904	0.0873835572769025	0.00859243622829423	0.0737794521790015	0.010446557577875	0.457051858048276	0.244275602705686	0.0190481302108231	0.0879218704031769	0.00535597098667084	0.00800703446267648	0.045255932778133	0.137675992760352	0.154254587052501	0.303807513468918
34	0.614753852005634	0.0335074363860834	0.00767094448834403	0.142962274533952	0.0174336418455847	0.00882073917634023	2.9662235542506	0.014658454277592	0.092130324430217	2.24723916061518	0.403632142729944	2.21973166301356	0.629374931087845	0.219891677624022	0.322290219560575	0.0317367603359867	0.466091521648819	0.0276543517604804	0.0196885814734124	0.0276830526481085	0.0527861765550184	0.02508742379516	0.108420212933966	0.0994267541697672	0.0105876540884749	0.000211956908801988	0.0306090957016888	0.00289787185035541	0.00586311258123556	0.20299513011692	0.0451675141530817	0.0235882092906558	0.0671851114445107	0.000456269844905515	0.0172322934056102	0.00612558516615168	0.00992201977106495	0.000221277825756099	0.641320869428552	0.16053475317708	0.0244185885210381	0.118632564250418	0.00492485253942998	0.0130852004796331	0.0513142859267074	0.0149191258878787	0.0307701055909333	0.0288436009679181
36	0.146050443388966	0.0495282749724294	0.0215446201337224	0.0105482954452124	0.105179355635036	0.0784930043088015	0.0900103774294559	0.00603992426681148	0.199953721192518	7.37222810655399	0.223537191708379	0.154536798803213	0.0356868558286708	0.218292494035146	0.0133516091322393	0.0116433385450557	0.409977696078504	0.03249354717741	0.013685987557982	0.0139158025190034	0.0408307991607975	0.101954038038335	0.134687280420899	0.0804755322740601	0.0822558919492408	0.0845673219820997	0.0863455139976064	0.0611248429184107	0.0029655987143606	0.0895443926840257	0.0670197692152452	0.0684550194080087	0.572161759790545	0.110318687795751	0.0286981555795403	0.00764163444033528	0.0186668404513117	0.0155689211544077	0.892318383230264	0.216333117745662	0.0148575035836395	0.0676653568132867	0.00362540617809762	0.00685708472592766	0.0131167202408956	0.129993779634808	0.188841386553801	0.30221135345361
37	1.15295781482892	0.00852664104858298	0.0204600135315425	0.00967682747861658	0.058300980946799	0.0176250183729081	1.0085720313873	0.0152640938581578	0.0922150145533584	6.20543710754643	0.134163095643594	0.8737809648954	0.107179242812352	0.340316280509678	0.0495683045251128	0.0227236547152174	0.528055747096497	0.0564234777681367	0.00576981658411368	0.0232179496677352	0.048527388567753	0.0376064927682728	0.201008933892302	0.0965624265531159	0.0167572065293926	0.029103446606003	0.0376210831300201	0.0261690167889104	0.0101718041391039	0.0601209423999287	0.120186786985957	0.127757404639412	0.29374919581615	0.00957013410915379	0.130363884149863	0.00498007329199913	0.00783346277486249	0.0307786132037134	2.32918580888866	0.393773225240584	0.0226721789448372	0.0459671648425238	0.00568221172510567	0.00840075385912887	0.145493836178022	0.0453079210979572	0.0788442678423462	0.130758847368466
39	0.135958997241757	0.0144355009058612	0.029946725491306	0.00754776528262322	0.0958418835605864	0.0253149508305355	0.191250595429672	0.0126930468286908	0.17922616277443	7.06579001039276	0.231374922764292	0.217765053881452	0.0199137410684907	0.264973444504016	0.020042198038715	0.0149331635894387	0.357704031256285	0.0247977405392477	0.00632050948556099	0.0118375846062614	0.0199631241699931	0.0495109666906821	0.0760701652016623	0.0536316530956825	0.0762032465634633	0.0571961110576999	0.0908202196880223	0.0561037995261849	0.00192183278571719	0.145916179866881	0.14689099054896	0.0597384122048166	0.539684191346301	0.102468339627259	0.0477491468683832	0.00845579237267611	0.0230897273721569	0.0138110041471008	0.392179868326292	0.20273227837549	0.0154367650222712	0.0704618553927449	0.00520224798344502	0.00343255752511417	0.0386231195390355	0.127793900520148	0.139190087440793	0.336979078314487
40	0.695081965881277	0.0179043139303187	0.0329838854089783	0.00972334533544769	0.114826915371158	0.0512895032430602	0.477644070130925	0.404291481482185	1.76646917036173	2.47029848513765	0.0768310730372031	0.387376449104476	0.0730249699123287	0.112313115265061	0.101974441922447	0.00966475205933218	0.0697694929577715	0.00738315068810293	0.00639322222467534	0.00804939228568186	0.0504279664482995	0.0788934207178099	0.132847359434909	0.0411145390126691	0.0224594589384359	0.052168112761511	0.0573476343072971	0.00663023686124889	0.0057363442055017	0.0361295922730945	0.0446261346449462	0.0272846671066531	0.0953666830205158	0.00854820938494167	0.0414802042517297	0.00331857922671951	0.0121644864561377	0.000170905542247607	0.58770539244684	0.0637765305727443	0.0177077581811302	0.0748455658124086	0.00272998464924842	0.0122296200742922	0.0793280077840542	0.0318271253165506	0.0291358636977017	0.0757183890905086
41	0.885997357815939	0.0012976293510029	0.0123917013045234	0.0658955041402119	0.0977740214207828	0.0858320886352405	0.146993841920134	0.00546162474128844	0.100850207277341	3.79197674368615	0.0365653625469724	0.0866105615199199	0.019291115215609	0.164940487945657	0.00028010257517983	0.0280400159843903	0.498059356228213	0.00909751024194915	0.00435825853343378	0.0199262869029536	0.0719966213108447	0.0552002334489445	0.171146229825712	0.247448182336053	0.504255000375014	0.0727295867989306	0.10353240697263	0.00246333656492215	0.00567858968167613	0.0932604665896736	1.24974483864182	0.368834251131825	0.131686595762245	0.000112394256283699	0.325180074658115	0.00419286644354115	0.0106106158381354	0.0342239954323736	5.58993210970153	0.608120941045645	0.0226390451336652	0.0924157242322891	0.0103541245362974	0.0714460977446054	0.643240335851289	0.117532516098753	0.340752863398745	0.213703199061961
42	0.173449054526044	0.0186077796807406	0.0645693266935057	0.0696315559629823	0.0629708674640524	0.0829222669738844	0.0724777085214963	0.58397740854245	2.77010230431135	6.38730933991119	0.160394520230036	0.103879886028977	0.14035349458565	0.160068559257989	0.36456513955463	0.00853524587520348	0.372354347085876	0.044867388825141	0.00879568175794712	0.0126108726678324	0.023938887741901	0.0685632923571761	0.0464673480209715	0.0879965987928239	0.409043714235322	0.243136134384921	0.0479545579306413	0.0345852494635548	0.0127338347305557	0.0577569912675348	0.0632171494644875	0.0282448348827717	0.646277800173424	0.0409493020047653	0.152702377548377	0.00879873789846953	0.0421252264841081	0.0263141101240873	0.313119445372827	0.151365403939459	0.0106685356450682	0.0803361531638011	0.00466103202550303	0.016057247762237	0.0229897762047151	0.081944874587865	0.0912437854886072	0.260092948734558
43	0.519182229942396	0.0475766230004664	0.0127154774711619	0.00424257524616367	0.0474981005087388	0.0125200956588117	0.321310564175563	0.0041500789666763	0.0883467321550362	4.01328719682441	0.15769823712555	0.362114479562837	0.0119503547529646	0.198247784120651	0.00516907967054093	0.0119377248978999	0.498059356228213	0.0494815561646335	0.00765492831925769	0.0246434060466954	0.0511060623935631	0.0790722605853627	0.092231530809696	0.0914772150739895	0.0460732307808208	0.0200688878452679	0.0512632380048325	0.0350501651159248	0.00156839502888856	0.155554756676546	0.770987764852663	0.0554808154888933	0.363982787895075	0.0531878532912269	0.0482576003483752	0.00598663211551286	0.0207936703611456	0.00319495379747509	0.662224183415965	0.190025769416462	0.0138841944672829	0.071400312907972	0.00219507265461834	0.00715485802243429	0.0417388427647375	0.0753127799252957	0.0715905180862196	0.149585740133657
44	0.641463335562936	0.0299021127861719	0.0239914754001295	0.0174091185674966	0.0457691971475504	0.0229111694432562	0.451706705520305	0.0743729484090156	0.390456798140374	9.87360810385117	0.131156740416428	0.246838083987129	0.137553807350324	0.202271214213524	0.0387670137962556	0.0215448700637049	0.438691772349385	0.044867388825141	0.00593687468970472	0.0178934518520035	0.0471197440101802	0.0520659220578619	0.160787077336815	0.0845847712889713	0.0621080327288662	0.0312426491161674	0.0487438851690257	0.0131012897239407	0.00457878820440993	0.0543533541978226	0.0488753519465527	0.0722360633875349	0.436058408911055	0.0250049530036355	0.0742740995315807	0.00600732001078068	0.0339837588450846	7.15520902827948e-06	0.406461449322986	0.152445202843937	0.019976695835721	0.0646084958688822	0.00797038015579376	0.102299679489098	0.0307951201710561	0.0523161729749074	0.0706684747073947	0.133289024018194
45	0.193752536091505	0.0337138489382205	0.0219092520651932	0.00580499331750569	0.0851908592782911	0.0194459129356838	0.844983579835005	0.00619515159761003	0.166552010162684	6.70016791489733	0.698387432941169	0.736379267832342	0.0303350985829895	0.263395287529004	0.0367058441622088	0.0141961939239233	0.394487450929005	0.0340071994020801	0.0050280748006272	0.0144365709632214	0.0331285404467185	0.0798784093305231	0.200142178479452	0.0646799559132328	0.0704443543121917	0.0436707275088724	0.0665497075361689	0.0543244942706767	0.0115088108335526	0.130130882917632	0.205055042166303	0.136465619027898	0.420166721680676	0.0698074651310558	0.0740016275741617	0.0147051203115992	0.0216855719414547	0.011924193634469	0.523495368492976	0.265337424780685	0.019647544480291	0.0672746123455039	0.00312723885623623	0.00703108450215086	0.0249159064921239	0.114819364938328	0.141839542565553	0.277326720136903
46	0.725582624391574	0.0168572290321119	0.020513902599551	0.0140371861141884	0.0374938942526765	0.0261752883205216	1.80917596819419	0.0203552907094343	0.0948166783688692	10.7403235961073	0.192269581198397	1.24519022028475	0.218595362453834	0.239266242634118	0.355937409509602	0.0262529436729175	0.386554814809896	0.0365994601202325	0.00542035825503822	0.0160854558003238	0.0274155362701622	0.0441052650604008	0.0758816956268076	0.0567404869939932	0.0739230436776227	0.00159529543316581	0.0266132017616476	0.0229803196731207	0.00414067147247858	0.034921703582847	0.155977845721688	0.156965054607971	0.310705519653085	0.127305066406079	0.0494510907678369	0.00621743615208265	0.0116097495269737	0.0031707092715532	0.677336125995583	0.179900898163952	0.0198745030229056	0.0261766949060314	0.00809842688814952	0.0144036868904546	0.0385360231012034	0.0460553391551368	0.0760882510035398	0.126107357272698
47	0.215110438606557	0.0267418682625063	0.0200926653186844	0.00345371052862172	0.0723919849314191	0.0383104708697725	0.322963812554376	0.0341458243953143	0.163480791785699	11.3933130575854	0.225468587533585	0.258809534247401	0.0466883663146925	0.232286396234514	0.00785346250299299	0.0164288483182312	0.416169162827625	0.0218938852386626	0.0207639131664731	0.0109561105758317	0.0274155362701622	0.0810209867547589	0.0220935915344875	0.0703008059251696	0.0923199253315117	0.0270896524952233	0.0356418733008766	0.0527302867769823	0.00341737259445138	0.130691589726348	0.151747011731105	0.159510655689901	0.411422799389376	0.105500647959089	0.0812727350490245	0.0033577352102585	0.0157167013417193	0.0146454763491997	0.843189177347218	0.237328997468783	0.0159485186599867	0.0799181354764577	0.00303654341128911	0.00792722967978811	0.030936857071948	0.118031213378391	0.125331620729505	0.244987255285697
48	0.935942352168463	1.64740378359474e-05	1.74883419894906e-05	4.06661669289932e-05	0.0342596012981601	0.00976553506536778	1.00705149613998	0.00925739224628404	0.601506030316448	5.98245171617921	0.071139443318065	1.0844938713631	0.217955278293179	0.201372012886539	0.0546355689109027	0.0194811656343503	0.498059356228213	0.0629530029610688	0.00645003030847367	0.0207155499606874	0.046494027398143	0.0437185924517138	0.0888181750191836	0.0928642159378683	0.0265180427343542	0.0645907914681144	0.0417257849556861	0.0104663086820207	0.00375650864016998	0.0344074763300261	0.0766375951946263	0.33125262953969	0.110194749715245	0.00697909613604784	0.273637146555237	0.00324018953807174	0.00669931828996436	0.0955825674927101	6.1087982592	0.320940024135563	0.0124395260505833	0.0596711398573284	0.00404169381308249	0.0118378808783252	0.107670037078508	0.0294253875152288	0.0367066197544246	0.0550606568144343
49	0.277451498084067	0.0356678989232633	0.018440615377192	0.00311304742463944	0.085128115287088	0.0100097698503589	0.379140272398722	0.00948437192819146	0.209538399087814	4.16964560264593	0.299829740245026	0.410846106107958	0.0116511802543102	0.237786001925252	0.0405195609572379	0.0151480801736614	0.400694712944875	0.0291423327689752	0.0111921995591435	0.0135189538850345	0.033141356327527	0.0786247307774681	0.145474922811849	0.0726971390913056	0.0173450765050955	0.0591094114361349	0.0789737681924247	0.0463676352298255	0.00803048545621988	0.141775731697172	0.0616973242735086	0.0522805983784796	0.4842419679629	0.0630070359314269	0.0468643238873484	0.00243059698998933	0.0251890556493009	0.0126226380857851	0.87388471059381	0.178684721177601	0.0117185824712434	0.0579599601370144	0.00253243041480217	0.00582859368781373	0.0240762535857393	0.100937976698506	0.131924316575275	0.219981696026132
50	0.401889497955816	0.0494257256255653	0.0169219498806511	0.0130518691275074	0.0800383859533254	0.00610544076955966	0.530085273220984	0.00203636371670957	0.0544698853832965	0.702101026392941	0.19334173529493	0.339519519015449	0.0500250678499659	0.25361791064633	0.210814416734269	0.0255978552904731	0.543547367795292	0.0244105646613061	0.00213207172823324	0.0450359758175427	0.022644057535051	0.0332077677014594	0.0707560298602407	0.114360393203098	0.140387516532572	0.0554660821228767	0.0253750107770054	0.0162039129796811	0.00830863347514736	0.116451565528739	1.53057799709509	0.123918623878978	0.304174452338429	0.0736795947916638	0.0437641053065293	0.0183930767580145	0.0140286010865845	0.0645593549036365	1.1031735450869	0.329879462964186	0.00676258785321461	0.0163473853762342	0.00182408303056704	0.00129142449219911	0.027590660959012	0.0359086136887238	0.0997576300151895	0.0475543030364892
51	0.333508952372869	0.0486093763641253	0.0191482522254325	0.00807844860676633	0.0836979668332727	0.0180871196852791	0.458580049674442	0.00706357970499361	0.124857031520638	4.64114503835592	0.240829697805108	0.384458217586865	0.0159292113797383	0.183468326581171	0.0383139249338746	0.0165609815612897	0.375211085407332	0.0388408881245211	0.0116581810989301	0.0114667649397521	0.0209447343039241	0.0712799191674968	0.041908945573981	0.0943012173851808	0.0597402289363958	0.0586399957587338	0.0828049555927332	0.0464326646945461	0.00286782056449231	0.163954274260115	0.698059889555895	0.0398081897556954	0.465801003813765	0.100677519771311	0.0672468839678919	0.00330103354527318	0.0247686326460615	0.0170276492501181	0.561470162075897	0.168198422013758	0.0162440643033103	0.0619293324748375	0.00581515611021957	0.0075831438982257	0.0350012988063655	0.0935845067078062	0.0938708147155368	0.216498336201898
52	0.614947678671411	0.0195947316474706	0.016545239129182	0.0121365255754528	0.0340140959936512	0.0148116887726298	3.55923023616458	0.00591479233055994	0.128718074374401	14.7276982304836	0.430563091561128	1.61101682686656	0.566151466566485	0.413392185368782	0.424144784954528	0.0170233652681528	0.486208181127039	0.044867388825141	0.00427843196396481	0.0129575913986284	0.0499094615171063	0.0610170744230206	0.550558474218891	0.3740602671941	0.0372568560116558	7.90906118677783e-07	0.0183725322624002	0.0121409566736539	0.00969273296789797	0.0791774619540546	0.171055088472366	0.108113282607697	0.312696639282508	0.000115395100034348	0.0857077069386682	0.00559862021544962	0.0106700502970516	0.000163947005120097	0.598723978096812	0.128989732203234	0.0108787115632267	0.0374091291308185	0.00519988479550517	0.00751073498511023	0.0368384210224143	0.0257903814870088	0.0328784665522314	0.068218592593114
53	0.837341281049675	0.0331447360396525	0.0188995353448997	0.0254092215071145	0.0360983213364134	0.0108091235625753	2.85362317561409	0.00675336534413412	0.144742594378937	9.6085134998049	0.156578515547734	1.88804091205085	0.546122355652606	0.282482221968928	0.876933633732082	0.0294676271409345	0.438124906403096	0.0584108360662675	0.00717006885394988	0.0399265810542497	0.0527745641269136	0.0623737629694797	0.0643960024694648	0.0711884255590767	0.00899684217277091	0.000310746903319868	0.0318271840205246	0.00355859419197262	0.000693739449550271	0.147670389523696	0.116053538509399	0.115199455875015	0.133774182097751	0.000763124855871723	0.11365019704146	0.00712066129792613	0.0260729827452329	0.000345596543068312	2.04793085253151	0.161527095400204	0.0484828155866695	0.176496469459077	0.00932892816884018	0.0324728594220067	0.0342853816605543	0.0129972987625333	0.0224403470489759	0.0335502911744629
54	0.206614675533658	0.0163719442841603	0.0260589792078635	0.00482616264857945	0.104464460720474	0.0112835588607758	0.132625721713264	0.00812977666874121	0.115306074954992	11.3369693766529	0.19334173529493	0.237744179150037	0.0399433658552351	0.190517206967491	0.0176030762735007	0.0169137191906295	0.459638508599745	0.0368912803536671	0.00395405576698827	0.0204781404034089	0.0313751394074267	0.112704999999199	0.0500885371575246	0.0867342436636592	0.0394474719534176	0.0667435444693689	0.0854900315074963	0.0265307750788419	0.0038575157109333	0.0507134058841192	0.0412746646163844	0.0454670399505524	0.612003570492705	0.0673287781764356	0.0894172059310283	0.00758911702374532	0.0751813716859448	0.00892920895703507	0.179808109414723	0.185767744683077	0.0137791288177625	0.578706317581666	0.00551183109332482	0.0103843727835803	0.0295496998137473	0.143260791329751	0.163503573731841	0.398132769933274
55	0.598599390385411	0.0182881125621362	0.0271348210282317	0.000112452001315707	0.0716177145472377	0.0220289919940344	0.444196260258284	0.0201334146010886	0.202225670583805	9.3438620234879	0.19334173529493	0.444559594739194	0.000539468364093593	0.254530424364099	0.000653743040018048	0.0216640503449422	0.4605735585712	0.0260857999668876	0.00947905277666998	0.0134693143105205	0.0474603981236937	0.084982253350537	0.0788706865946185	0.0927813032107242	0.0557380518272211	4.20475205248905e-05	0.0687568274926948	0.0591320691927177	0.00195404077975166	0.17634460427217	0.198463574199222	0.0186639053183417	0.582538151053491	0.000162103372989141	0.0549312466336629	0.00879380784190526	0.0200397643499831	0.000465251722280493	0.854528440563127	0.181515192422302	0.0300232855915162	0.205190618063423	0.00431440232394248	0.000109793713261941	0.0464156636622607	0.112211579838263	0.116888666460805	0.269301289497145
56	0.212758096067601	0.0355892933486892	0.0217694868435945	0.00580520200432029	0.0897663040226345	0.0214823692497194	0.0726495987513974	0.00607435927341855	0.147895723881565	8.24018893498068	0.180938957164758	0.0874020685351731	0.0195073042676955	0.318561067523157	0.00907873890048087	0.0157076268058752	0.529081300697809	0.0264145120556928	0.0150476808621683	0.0132030587024573	0.0213133368303589	0.0500812038843359	0.07886559492571	0.102850299878625	0.0793414019531731	0.0391788113130241	0.101115640459872	0.0578407507539128	0.00289304024179956	0.151701718519098	0.319028079545252	0.096552917893881	0.588967924750704	0.0904540768499327	0.0727860119768936	0.00655486282130184	0.0363700628131595	0.0123736254159538	0.453720516126667	0.249529024116278	0.0184684023120415	0.0773069094749113	0.00457696710981043	0.0111719232629886	0.0323817894902238	0.110001707769439	0.116762309698417	0.257900954480698
57	1.1300009988501	0.0223339457130249	0.0235019530303989	0.000491147598146655	0.0512594578042623	0.0107883439751072	1.7870422980332	0.0049962663629792	0.175229483988876	9.03201081906729	0.161761096675047	1.47199004078496	0.302613374455495	0.367718114990822	0.203257562037004	0.0794453134733669	0.493884289068921	0.0589460305799504	0.00395178396958842	0.0359088394619702	0.0604166610300235	0.0235358705577076	0.0657160187244364	0.116233554458497	0.0320802251194822	0.00581508086490938	0.0490280314602804	0.00586201912002344	0.000782324018861807	0.222780094083068	0.156847004808666	0.422809783569839	0.267875855974276	0.000328260251068529	0.136380448391717	0.00762050637211034	0.0347011563788337	0.0147165033107094	4.98550412229595	0.326885899369691	0.0469844874028599	0.0696893080526674	0.0174120078262058	0.034804628909494	0.0379853913861382	0.0297104380945688	0.0559180097691404	0.0878035870907799
58	0.579585960040362	0.0158932092746976	0.00477757538508865	0.00688737844318089	0.188777661141269	0.0063745296935906	0.82365275143941	0.00166179622548904	0.0511767888630479	2.79827560509566	0.0680110130694224	0.481272172549433	0.142190340809887	0.0844622030560253	0.234095578028479	0.0170693430034129	0.315706478393857	0.0146394686487538	0.00465774254677487	0.014554874044519	0.0475576317292299	0.0473761314523182	0.0307678437750443	0.153797916293523	0.263215463433972	0.143549464765633	0.0177692167092139	0.00189706428674473	0.00241185118472358	0.0714182423466379	0.606102179559259	0.178074931170377	0.104430848309355	0.00233525438406779	0.120938030557366	0.00311123995872072	0.0114799703545204	0.0142634784949273	1.68720123372458	0.475818640490609	0.0155997152646784	0.0301885172873046	0.00320142097406815	0.00774411133287937	0.0948211064920979	0.0658533518986239	0.21579973818037	0.0394342273700065
59	0.417565003119615	0.0361327144199682	0.026983466467972	0.0107539411196575	0.044545406252148	0.0209714193515834	0.607530474100429	0.0104042843194481	0.12498353063077	3.81180360365337	0.305726937352859	1.3710853327558	0.434706184509208	0.134664461110513	1.82223627059437e-05	0.039901033601983	0.38493614360448	0.0434604175118576	0.0029218645697945	0.0130428460722412	0.0325007024021168	0.0306668507073111	0.105549829143592	0.0804882866352387	0.0360704413663889	0.00193501201593747	0.0527722427596413	0.0330920680853034	0.00854654153181769	0.135174841222979	0.583305798728071	0.0848209267775162	0.297155672029801	0.0312702578933579	0.0484610932934634	0.00582102793172251	0.0216897101558246	0.000263176382253757	0.845554076639068	0.177169703063447	0.0264718451211852	0.132081397828607	0.00612156828119317	0.0154021501214024	0.0379853913861382	0.0657655949719995	0.0752976139646862	0.151642147022787
60	0.186098808676624	0.0407749245065761	0.0274540954688104	0.00538688393756028	0.116345921923966	0.0469960194264412	0.100798070149166	0.00710969254354714	0.119748339749981	6.71359216081011	0.306854654404022	0.0913150025556148	0.0295935032670375	0.185926298435806	0.0267125459720875	0.0176136476031868	0.245038048141033	0.0300030248763465	0.0048105646884681	0.00680111566091844	0.026514369814842	0.0905548008698684	0.0395509275634929	0.0704318186333533	0.0980727659241824	0.078189720925521	0.0920768706455434	0.0106883231699214	0.00190149406934864	0.0948821829061144	0.0272900039121952	0.0295575263019947	0.593404180109478	0.0361246766045072	0.105413439754842	0.0061277554508835	0.10640670313585	0.00549000849778006	0.186184788624622	0.202446618247545	0.0230508593185049	0.0686938660185925	0.00508779674844538	0.00843308881119256	0.040089729159431	0.173754216975751	0.135112397000524	0.354683855605145
61	0.0171973645384919	0.00508728547558559	0.0438759651840796	0.0103162590269591	0.114865903423332	0.0423681407315317	0.126080364537779	0.00983533843233942	0.153343498141062	16.2682024260027	0.116879742066903	0.372313566729187	6.73956587378449e-05	0.368051330642815	0.0427472388073893	0.0472653578502825	0.571555718252405	0.0320444872954481	0.00689910828145839	0.0134559334974073	0.0308989013722768	0.075746794851175	0.131221961784587	0.194947018194334	0.512540136924284	0.114297489547564	0.0378820460409161	0.0488958373277744	0.00319168061343442	0.0288976704889564	0.110932344670311	0.111121154912945	0.0632854512777318	0.0423624677092896	0.033735516820732	0.00499777584145291	0.0123770794718475	0.0320917945058985	0.00584085428009485	0.233105065753456	0.032826518687167	0.123499152007856	0.00973663835558464	0.0122277098329097	0.0022993837297951	0.0590525635061619	0.075724135004348	0.183184862676093
62	0.307519256347979	0.0796393848369823	0.0125876820152496	4.86230921330918e-06	0.0521795443435253	0.0120182319884684	0.523117626036371	0.00536278429282627	0.0861507601264016	12.0125424820287	0.35801769315782	0.60069172841477	0.0856022477155609	0.25455930234639	0.0253142918325705	0.0316352216334205	0.7488397021496	0.0629463858361871	0.0107420170673387	0.0291168084369517	0.0830815486493355	0.11229657775592	0.0395509275634929	0.154140749479763	0.0208209314962275	0.0136235906064336	0.0475089388217033	0.0112741951472591	0.00182590751814874	0.115586854204352	0.0581426450767912	0.0827636065380254	0.460819421182469	0.0317042177680642	0.0423635926518252	0.00375055187094788	0.0466749918997779	0.0192971891989086	0.324703322466658	0.29002857726572	0.021372142591643	0.0806580905131357	0.00442077243776775	0.00743976622434444	0.0229764685744128	0.0664490396069295	0.0940809644615196	0.154178570037718
63	0.526840470385445	0.027948426011806	0.0188829945380082	0.0164022114470652	0.0412412366494371	0.0144183868408423	0.345407692006766	0.00761371534989978	0.148584305662132	5.49005522779371	0.247959504467818	0.500776431991208	0.0527027725851436	0.209901540074756	0.0473137335393502	0.0373604189972864	0.517683259098287	0.0305079808421561	0.0218559794930376	0.0165602099740006	0.0274155362701622	0.0482100217837161	0.0378610223968535	0.140299675098284	0.0598818082735104	0.00659909982343783	0.0366586030097757	0.0254721447025209	0.00259305358790681	0.194489554657571	0.11257683736272	0.0706692545783449	0.300553817111153	0.00281876706778173	0.0717311120078889	0.00864121324500002	0.0205202298653784	0.000152973863934637	0.779218404777521	0.20634973449133	0.0428558076531706	0.131682068598569	0.0156961455309178	0.0147569368203423	0.0425590300940423	0.052541351343464	0.0833115492493144	0.13386447126064
64	0.302265409188093	0.0304874734700629	0.0127942788905936	0.00532771697259626	0.0392428433342644	0.0117177092431261	0.982958072336641	0.0183662730402667	0.10749446753125	9.28083840385435	0.364803402860096	0.886884416175459	0.0567720921588349	0.197478940054051	0.0248685248930052	0.0359562974652014	0.481362267517393	0.0421800243639361	0.00238320832372629	0.0241388767313437	0.0387208266492689	0.0400682700821459	0.0515446768484268	0.0821554820850885	0.0446036557629083	0.0110784030955784	0.016456810886073	0.0271513843740395	0.00357483213206523	0.159300860956465	0.136919793233596	0.0506375539832057	0.420914587038543	0.0392644196996682	0.0524507363722411	0.00463741268577696	0.0108919209563123	6.39920386218667e-06	0.677842683404495	0.16018472697968	0.0228456274051198	0.0829825291020085	0.00830542016063051	0.0128098614344256	0.0241372784163022	0.0416367585218062	0.0583425812816208	0.107847100157257
65	0.16547554348941	0.0234225280964636	0.0188761544734655	0.00850755607815051	0.091958882575724	0.0194459129356838	1.10529816990408	0.00368602859360327	0.045035320427218	5.65304645045689	0.210218630711133	1.52197002143776	0.198124081989144	0.304855671412432	0.375972707042917	0.0254561647116185	0.438275349198129	0.0358129677706707	0.00466068335430414	0.00339430526445025	0.0604004987546556	0.12987151247074	0.0930773160748505	0.0643644280244599	0.0723728535114174	0.0201637583285875	0.0667621198821395	0.00763657101248956	0.00290313328319817	0.0968598492745938	0.0847940700607619	0.238003740190546	0.170587046268387	0.028684326769523	0.145316546275599	0.0213209692723998	0.0437369588323038	0.011792955805182	0.0354315231601834	0.396102579038453	0.0153902481770913	1.89292043779569	0.0479657573215181	0.0176027111725986	0.0446221563859427	0.0590569940718474	0.105948665201641	0.167101569876653
66	0.0280577952518719	0.0276167853835508	0.0255867756157264	0.0100680711466504	0.104336594807842	0.0138716765451415	0.530295441113431	0.00880177887296944	0.235645553141869	5.48376227053719	0.369326775027574	0.384631924481679	0.0273557277130659	0.379482182841622	0.0187396918676217	0.0316663173069562	0.248990695884191	0.0275466145680395	0.00420075639496861	0.0154686433184077	0.0274155362701622	0.0697921782240837	0.0612474025619295	0.0479404110606971	0.131259361306805	0.0824106387951173	0.100976714969566	0.0607362370569935	0.00318425577802528	0.152673968068241	0.540329224147068	0.0393559895029248	0.326809577055704	0.417849055694916	0.0445221803077867	0.0064546653336627	0.0233828561925498	0.0220939607987952	0.42925978697467	0.286733333379164	0.0146139262535016	0.041574686991764	0.00369933817015988	0.00505221534624808	0.00712372368460776	0.120654532406492	0.132783251020688	0.278145312764795
67	0.157862135932834	0.0151481800380223	0.0163692889657367	0.0043400176815968	0.0783102128726857	0.0130551215455882	0.569451742689847	0.0249128262504681	0.210586556885099	10.6641127050909	0.291068373837557	0.542586748997969	0.0295035802053713	0.329104785749044	0.0146622000530083	0.0220394209045191	0.345221372985652	0.0284065781826302	0.00233780416082027	0.0139555280143533	0.0446477875242052	0.0615332743219571	0.077512232696183	0.0725806743666879	0.0706284244335335	0.0129033899567712	0.0484551230424397	0.062433255953051	0.00917978227524076	0.203994174414133	0.158786155188307	0.065020999899703	0.461598872176952	0.0825294646913664	0.080613117678313	0.00700797618415869	0.0366082529865066	0.00978475349236096	0.640721947245898	0.198891139331288	0.01783553748997	0.196798817014902	0.00451792516763717	0.00620991785072314	0.0350685962279918	0.124232419864856	0.110657532731315	0.28036417687556
68	0.20804207651882	0.016705420283848	0.0169659543144443	0.00337125454061568	0.098024208891594	0.0247543963692668	0.389931962266072	0.00611663436262545	0.113966181818019	6.7881704260211	0.351680904579281	0.423354768440394	0.00756129813031469	0.192230581328989	0.00932043271809562	0.023604101442645	0.297737095164924	0.0305680477566875	0.00539724754622038	0.0141548652770507	0.0274155362701622	0.0728491368026235	0.0405004961858004	0.0683870146012986	0.0649973869830152	0.0275462837036918	0.0523933855161669	0.0631865546908047	0.00503777599304334	0.130951935525291	0.238074429748436	0.121710541913057	0.398564108838048	0.0643887176658649	0.0745056693259782	0.00724829500530579	0.0200944883177421	0.00972969562313387	0.856177811438965	0.222608347527068	0.0243706152386105	0.0626747924067571	0.0044856295891417	0.00590197096197307	0.024392132456	0.132360438321342	0.121330473212607	0.261736836133677
69	0.119650335919096	0.0191629468871205	0.0251988260816014	0.00218495176443394	0.0941628426399123	0.0203427442314395	0.3801972028041	0.0152890659344448	0.186008099921766	7.24120723493277	0.237525973715798	0.334622491464164	0.0290531474382014	0.243660181994248	0.0144334843631174	0.0232665344991516	0.236121154068037	0.029948711146095	0.00382374441547675	0.0106936018357701	0.0228009681749265	0.0738663435594338	0.0343936889984645	0.0607626934597631	0.0564594989103619	0.047214738274697	0.0897938043112299	0.0699608928504333	0.00146719996631163	0.139420426379368	0.0889167621396428	0.0244556721357195	0.549573552542035	0.085947455865681	0.0661941759650283	0.00501293031274551	0.0296694078386361	0.0120148487487455	0.515543866277581	0.203654508636135	0.0169720013438536	0.0499410875828585	0.00269835065480974	0.00874470422550721	0.0214995606874744	0.153839016878561	0.1419425542274	0.373814001993243
70	0.334899410863614	0.0125567831622951	0.0106794379711642	0.00342271888142023	0.042253595367125	0.00640124902384037	4.22315921931689	0.00442065299488822	0.0806955010123176	5.02872466822435	0.324139884661741	2.36551661806993	0.722530710107559	0.235871639946072	0.449021679232116	0.0365337145966969	0.498059356228213	0.0506827041272777	0.0259695989047433	0.0399200952810158	0.0529521497765858	0.0377208567454861	0.0911712598465036	0.0846952114533314	0.0104005378234268	0.00830821041766855	0.0340960986024784	0.00411096203026374	0.00228392428113288	0.237052383076863	0.0392139127970669	0.0614578017304696	0.247004880591976	0.000100228618934361	0.0468199195217369	0.00966933305700188	0.0453075461803276	9.76954324422196e-05	0.328461831832546	0.198907331424003	0.0250566584436987	0.0518443111831311	0.00469003891370809	0.0098635353799213	0.0231118320834543	0.0201501114664038	0.0445115104329788	0.064114996061495
71	0.36214545054482	0.0368009725291887	0.0142094319028291	0.0154987769770662	0.0432080999309186	0.0129072162958238	1.71343137780758	0.00596618854022964	0.128091952857638	6.20543710754643	0.227353564486845	3.34479928334665	1.04597276786411	0.168010990911919	0.0605096377403043	0.057604158851424	0.441078690632823	0.0518893774729426	0.00322608476876185	0.0375299974631099	0.0439718979584643	0.0417881579363491	0.0526407398911367	0.0706589363816491	0.0355708708033367	0.00214718958878273	0.0430540399890859	0.0264096590978723	0.00316138559371231	0.143846818941495	0.152985449804829	0.0863565994071169	0.259326891824023	0.00520171306616919	0.0451286818538076	0.0054392307885264	0.0195293628608952	0.000181591527468969	0.565853173409581	0.135215495471772	0.0340105266322611	0.130123560374054	0.00807863676699966	0.0150316168305313	0.0280582438058569	0.0471546440848097	0.0473467650662485	0.123955679625177
72	0.277420800648883	0.0617329389234394	0.0233420270838905	2.95471416019881e-05	0.0798466365635612	0.017567235339674	0.455791340779995	0.0155129310380299	0.178799388320264	7.58603350467369	0.155049081687666	0.285165792563914	0.0233768970337035	0.277073174365087	0.01709455707147	0.0339878940823143	0.566649106039717	0.0622262565872708	0.00733040264314598	0.0206820070055036	0.0274155362701622	0.0618238698114061	0.158037348571863	0.0675150455146453	0.0495819416955167	0.0329056774774191	0.071395675570108	0.0473296551943449	0.00909838375729784	0.154972110801758	0.608039286278751	0.207253958317422	0.600984076403727	0.0512066526522411	0.0621658748079949	0.00698616604443487	0.0362418122738738	0.0013144349849542	0.806138395645646	0.308641716639888	0.0283129138547102	0.105174811540562	0.0042263007814754	0.00129316703608895	0.0241352116574183	0.109499166235566	0.1221245845441	0.303409610224065
73	0.0372817240689427	0.0282704070141637	0.0246590945156641	0.0504670038154525	0.0977898520118415	0.0109756633725332	0.441509111559654	0.00338153249618955	0.244026056674652	5.96217424473948	0.543332145498455	0.423125979875567	0.0180634211255271	0.405113565057129	0.0144846940984918	0.0352676961596985	0.30030442687193	0.0263438250130261	0.00299588629047767	0.00896288854428642	0.0324285050279861	0.0740375590744573	0.08246545334861	0.0781198628603148	0.0220330118248844	0.030490862735549	0.0924634035156429	0.0590429612969893	0.00478555840480756	0.136811925180158	0.264341552119272	0.0534995951903928	0.565583167162852	0.0717073697329235	0.0200750952640165	0.00311852621136996	0.0329735631941507	0.0227552699975733	0.437580878251368	0.270249927620141	0.0137715347531029	0.0593937789079001	0.00300396375538783	0.00405107924077605	0.0173372025821552	0.11123622544825	0.12932555527164	0.295586237532939
74	0.307335922111836	0.00962376771086296	0.0137068599089168	0.00392915140402447	0.0741757549179036	0.0170564118644156	0.6953085361666	0.00800866946749682	0.164710037916842	11.4237513727027	0.290381476722586	0.588239668488808	0.0155553775803136	0.0427073742348299	0.171646492875139	0.0174833111395516	0.124029663205377	0.0345397326943977	0.00604600845734204	0.023863680322974	0.0399412941671697	0.0878156795003064	0.0395509275634929	0.0900783334510343	0.061077246399095	0.0302979564718695	0.0516511630458097	0.0441154457246375	0.00404034181476748	0.197117278279506	0.137731374162745	0.0363527572190829	0.504928229764778	0.0523621478871696	0.0430808412230712	0.0184608548807866	0.0143742698899901	0.0142884089829134	1.1186955657897	0.249813459120802	0.0132942542219768	0.0652995653221603	0.00556379478035551	0.0143363223193389	0.0145016276711221	0.107222085053146	0.121710605889613	0.281700689928466
75	0.0971360950626156	0.0111560933698831	0.0222405522112681	0.00206212100435438	0.0992252075011653	0.0204254678098501	0.172145322532224	0.00334748858252006	0.192462754644069	8.28815478125934	0.271217511392821	0.249146034758085	0.0166905494369872	0.269978392931186	0.00695308396768431	0.0216757101609057	0.355876925982544	0.0280631643432361	0.0166863885460866	0.0197378696356836	0.0254631789544882	0.079056326407349	0.0313668239303283	0.0597791461369188	0.447112061205066	0.0327222786252578	0.0897938043112299	0.0639129067921767	0.00172543661999114	0.141616400919015	0.367974507519338	0.240462444177722	0.661817330265717	0.0681339750556638	0.103590996606755	0.00301425970672899	0.0329496831968641	0.0195595569533501	0.714382478949813	0.374677019594634	0.0197530069892683	0.0677816174275788	0.00188532185239339	0.00542580664313152	0.0413620482388536	0.165865665141902	0.180907289658036	0.426577526475426
76	0.480449811301041	0.000734071893812636	0.0123540931404195	0.00817897084219076	0.0536703713695607	0.00974939965849685	0.955063709536108	0.0021414370639565	0.131200007776997	5.58347177230114	0.0845666169811258	0.61833924597984	0.188614440402734	0.306122730560931	0.685989110577104	0.0199569159301077	0.392504388848849	0.067090487584116	0.00948796078315398	0.0130522419816892	0.0291501057859858	0.0500751117034892	0.0548604582765261	0.110977915969249	0.0321846729415952	0.0546211989208047	0.0463393946321874	0.00680647633383651	0.00263219334154818	0.297271029609398	0.0713836551717012	0.0518876598812954	0.252176712518665	0.00506662448662915	0.0900854350451692	0.0132314090065988	0.0531425715212493	0.0201750839275025	1.19778287497142	0.187889157582769	0.0163990182649118	0.0113593909474338	0.00191235215861406	0.00389730100369323	0.0175119233447688	0.0486968614304767	0.0779933343618677	0.130014632954671
77	0.258384837067881	0.0335814460969249	0.0177903072410053	0.00097016902692942	0.0768633251304923	0.0210139603002862	0.483984086484725	0.00544527444478249	0.16048223127153	7.1317597590999	0.222689138959567	0.358844352284802	0.0355882591032023	0.198914862033511	0.142394086752998	0.0234266398165179	0.504960344267604	0.028389550668562	0.00706874429907422	0.0253270606796389	0.0242587234269556	0.0749992883690591	0.0268330438729938	0.040365681985195	0.146260472776415	0.034027125045076	0.0506123945099139	0.0540064387152674	0.00297410132868311	0.126309080765364	0.383864392595008	0.128283910703906	0.455356144101911	0.0637650896651687	0.0903586965121035	0.00435913536740295	0.0184097326457314	0.0132416730737832	0.483398287866673	0.226005405642283	0.0194078379388145	0.0687126862280183	0.00506126723965541	0.00522461720919226	0.0247527795709668	0.118369120478503	0.140943860603776	0.28036417687556
78	0.0325137286542464	0.0328054059149952	0.0181944518691403	0.0351500169751511	0.0966297373502617	0.00985001780456036	0.866752740967608	0.0043193385023088	0.194100786093984	6.86956756767155	0.494532550413047	1.10982331312114	0.0340721846505483	0.369241861921157	0.185890338962243	0.0309787917074963	0.319250254602219	0.0345757007680139	0.0082317305522776	0.0181387441478986	0.0328695379640093	0.0661046297235899	0.0900326431390765	0.0718180879906467	0.0630485095375531	0.0389696992420013	0.068587432420243	0.0434827748384195	0.00370185470172734	0.152652477441746	0.292045387170112	0.134355376629903	0.504517468702087	0.0664256793058531	0.0853893413310807	0.00737213121407889	0.0419818008854632	0.018480795850095	0.328455620646922	0.295289215747755	0.0162213985594979	0.0758318153690213	0.00341598827541925	0.00470225528807387	0.0133256721335373	0.0947009162272609	0.118062685174102	0.250658820758654
79	0.25792726343424	0.0553190799362691	0.0280325637879356	0.00597616322045658	0.0586446798514216	0.0245356419203711	0.310024519399613	0.0180561395715418	0.112542221186597	8.56337608994459	0.407626584505309	0.361135645436553	0.0759933188721194	0.284043573361463	5.84744051049427e-05	0.038102615801168	0.640248461804951	0.039862290869876	0.0181074344437149	0.0196864256432144	0.0231826631839106	0.0406495603455527	0.0125537614096454	0.156615464533717	0.0569813692072799	0.0221082903324942	0.0665742734647408	0.0520787960281743	0.00225931279817387	0.171070036823538	0.288537088106308	0.130147084303069	0.507536206945794	0.0604548026775118	0.0671451364833599	0.00364656973181821	0.024385582004008	3.74335659532373e-05	0.627030123271375	0.271889367953258	0.0312369366932954	0.102733071492637	0.00847578676423107	0.00193474477091367	0.0379853913861382	0.115797900501319	0.118091582531366	0.223974256175562
80	0.11527275341002	0.00984477612703674	0.0238717916333721	0.00207449115100326	0.0993346399374939	0.0365350306581543	0.19559600144594	0.0201888354561925	0.180171307906333	9.23500288340054	0.342161316326178	0.204862669380043	0.0252066050164159	0.240026310637055	0.0168230705686757	0.0226777440663441	0.386980571015652	0.0236313712833259	0.00499606264082171	0.0093930034783387	0.0261269514836569	0.0680823545856612	0.0463594425577875	0.0522240852010708	0.0563167615670865	0.0504238582832775	0.0821356003890881	0.0626258751267288	0.00414726587729352	0.128883125412834	0.206273403681767	0.0739927790434553	0.614726117541333	0.0714953026087892	0.110193949956749	0.00409067734150071	0.03759641483913	0.0148521639922147	0.387930429802501	0.274355344697444	0.0196462045885591	0.0580140127302349	0.00779481732366345	0.00413251745633482	0.032596025824636	0.162760850003526	0.158211146741635	0.318744102135003
81	0.306266010560208	0.0373512559713562	0.0182332700263721	0.00478385043333842	0.0765265076831114	0.0197698250511124	0.416648738649203	0.00401805712450441	0.182271413995974	5.19937729432684	0.170310637497899	0.30889476947735	0.0796812688522866	0.159110533525331	0.274824174101198	0.0259451271709084	0.599409837178446	0.0448358361316456	0.0049901429541564	0.0125695931911302	0.0361522396603234	0.0681653680938276	0.0308931045107038	0.0689567595284306	0.0559125023317446	0.0391545694810446	0.0461327965005574	0.0257406659431869	0.0027723725699645	0.150162959556641	0.196229458567143	0.0690293141828334	0.3336843602444	0.0303293025933712	0.0760771756987176	0.00712066129792613	0.0410432485725384	0.0110997429525517	0.778985644593346	0.224504071964838	0.0243801879784303	0.0757574184829646	0.00716533792699763	0.00555850580600405	0.0267010387495879	0.0819422938792547	0.12185646100738	0.198779087874446
82	0.213740780031283	0.0388375300148176	0.0126814544699784	0.0195732132329773	0.0221542728520435	0.0053363875316047	0.79084831208136	0.00289407159979572	0.13247045663885	2.29357472283729	0.468203600847136	0.914932504226219	0.0820632398529844	0.253489198496978	0.178782117015803	0.031150204551647	0.340818284115424	0.051755289744198	0.0136826422086229	0.0296812473364982	0.0499919234415686	0.0573168669275339	0.119086388671976	0.113249988860336	0.0159911075359781	0.0342413776728032	0.0359316090136515	0.00299504650530557	0.00403885529124109	0.304903368948632	0.0382985946144838	0.00811923833953265	0.237950541468601	0.00386765699227467	0.033735516820732	0.0170769307590825	0.0544359674059121	0.0200740695429731	0.170917177946111	0.211478282405593	0.0240928016067158	0.0902177881764303	0.00856150552005769	0.0100748029943114	0.0165592399589232	0.0300074258158887	0.0523804471977743	0.0621636608586657
83	0.774012498550079	0.0215941384298491	0.00609544020399655	0.000143433084814493	0.0960593182038729	0.0176944053121275	0.291429035963057	0.00857526142920961	0.237377518972698	6.02599662463099	0.407330297984513	0.517217885562122	0.0677377805071445	0.303789958767725	6.45131750640198e-05	0.0878303018645812	0.430779336831885	0.0404204917295426	0.00848698493733971	0.0156105332504205	0.0412025858146392	0.0893443037107824	0.0856607816111418	0.107362382242313	0.056337729954861	0.000176464707234959	0.0776301454843883	0.0508398988801309	0.00427293993003466	0.136811925180158	0.407396947022162	0.000132483173229107	0.468444708375968	0.00533452686856879	0.0742173683276985	0.00720416846193419	0.0190613276283026	0.00040123941869419	1.02365861669353	0.203393970810361	0.0672883726721265	0.228354095145963	0.0137938458179198	0.0260184113951906	0.0684133907493472	0.100195272722717	0.118771936564603	0.208912577339032
84	0.240353982164465	0.0283894651938231	0.0228697156229052	6.14008658728039e-06	0.0840016312707405	0.0234542797728362	0.126989188555109	0.00462825315062442	0.119413790698313	7.53892570844655	0.193098061585834	0.13591143796617	0.000156030863688308	0.230854956109395	2.1246512538936e-05	0.0336232432793721	0.245445347035289	0.0297189946853365	0.00415443842312911	0.0363151098792067	0.0270948398123535	0.0636652236116592	0.0910120092958498	0.0625043098979643	0.0385634921748205	0.0309738975736778	0.10068140060877	0.0538800035630873	0.00373312695645225	0.12617812553654	0.70035619125866	0.0034609908358908	0.391781636687913	0.0657093363390161	0.0525644904759423	0.00290469342887312	0.0436758456963618	0.00640648226201995	0.451776972019947	0.215637919916778	0.0225059837200001	0.126187730896252	0.00440773929824718	0.0050117661641886	0.0397353195610113	0.140838012903582	0.101995957776064	0.302407764258847
85	0.176425649183186	0.0290681009932792	0.0197584592372646	0.000713558177711846	0.101467106029947	0.0241365996285197	0.337937653834525	0.00491146554815157	0.155612176527634	6.73502857995283	0.215559950348469	0.235702568889342	0.0164115267120163	0.197975875401629	0.142982207215762	0.116390446294509	0.389212391918282	0.0182187450095357	0.00492438466070298	0.0119994319375218	0.0162929027337803	0.0660037598428274	0.0447452736075262	0.05548166705406	0.274855264450138	0.0214220187689441	0.0487655423406066	0.0642957149337011	0.00419685617750425	0.131549126234211	0.513298464651861	0.124449378974611	0.478245283717605	0.0728343057542897	0.117509277678554	0.00424093890555045	0.0256477656864424	0.013750774398167	0.619619757796045	0.24132296133823	0.0231281938402945	0.0780954901335807	0.00883466025160766	0.00717498921386745	0.0169701337968509	0.137675992760352	0.153647659770839	0.296193746725452
86	0.0513093299877802	0.0116697218683665	0.0213985520186429	0.00655992837412918	0.0932731051859276	0.0310273286941219	0.60116656280254	0.0125193737045682	0.214482045773076	8.85196357648541	0.407161800311387	0.508963880442833	0.00795004493407523	0.312397911473958	0.0153305688733745	0.00695185736208668	0.340423122216248	0.0365575879042914	0.00290106095931938	0.0120280910986217	0.0243875956539101	0.0613227578207337	0.107761846679122	0.0843590758670898	0.0543775131350348	0.0386728089047839	0.0970945518376127	0.0641256819948368	0.00495563461767312	0.121862260357367	0.150225649609216	0.0441873999580537	0.644241662672375	0.0821442358835921	0.217567697699733	0.0044534900827029	0.0395236962786756	0.013505480606353	0.783322010758438	0.275482262721673	0.0114476492844998	0.0285483966903055	0.00269865010793273	0.00562244999209992	0.0258702886188636	0.143216214963597	0.132177945714328	0.28036417687556
88	0.408987743466669	0.0131106501643585	0.0268808920648343	0.00523290841033028	0.100771107636097	0.018421841984978	0.220471461493577	0.00722717004356806	0.212244496393937	10.0098166222482	0.305024186122548	0.339014979267022	0.0512551576048851	0.331182052351966	0.0167326962544594	0.0106266096059667	0.359232603611716	0.0330685043870804	0.00580398296143575	0.0147613044519373	0.0264506096577763	0.0737795446462411	0.073780607470852	0.0677116115456491	0.048623097804562	0.0146309995740748	0.0867420047175323	0.0700149917416917	0.0044090377183533	0.107172481577494	0.252193261135884	0.0597388382813084	0.742204731218323	0.1195085152968	0.0627289825097488	0.00619789762886785	0.0292780545281959	0.0190989009337871	0.883944024684754	0.22246489076997	0.0139734844934471	0.0825652050665446	0.00400924428267472	0.0481865884442286	0.0222995836544136	0.137675992760352	0.151044884860499	0.351498885075604
89	0.144517342024458	0.0325920285407154	0.0128983611570508	0.00553304781229488	0.057859581187563	0.0185280743396573	2.97593878152929	0.0137545194505206	0.117882099969796	6.96668404759776	0.24906630133656	1.4537408436181	0.48100457982098	0.176578312418656	0.947521088001488	0.0298209970379175	0.26982862957368	0.0356809264287174	0.00338737435365834	0.0799290979625701	0.0299407433635872	0.0495404810612488	0.0593673558180977	0.0731964028775353	0.0223186193605392	0.0444541754960013	0.0178451403553495	0.00532236234629215	0.00144014628454961	0.0702863785048003	0.073962319802063	0.0525127779723725	0.231423407003442	0.0166056964088886	0.0504777832843589	0.00412936944108947	0.0173795911852379	0.00806333408465988	0.463923241221179	0.134143747146908	0.01792081736529	0.210776046065606	0.00410151170569236	0.0110009134562162	0.0170227558751151	0.0338102750600622	0.0658617295226874	0.0770266036112896
91	0.0606558674202825	0.0287228409936987	0.0487719273616928	0.148588526889898	0.0409355037130781	0.0599510183822187	1.14003061589984	0.299156023789341	1.13516270735654	7.84075133844007	0.0876066828722073	0.83867766556578	0.228293097249724	0.224800244766569	0.493598607672643	0.0284141668516258	0.329966967543703	0.0249642160728398	0.0067978328618205	0.0126355561549568	0.063553357020646	0.0698121049753661	0.0395509275634929	0.045649257246694	0.0802820975746343	0.0762092418861119	0.0276550075482074	0.0129505004440005	0.00430823758279814	0.0539538533285242	0.0641552483456188	0.0614945057525267	0.309675531809003	0.035783248056271	0.057001205072639	0.0043817202838181	0.0191543593449636	0.0201787384284945	0.302164459239451	0.240468651741435	0.0180862658442714	0.0749882588179452	0.00468861125407989	0.000872357306884799	0.0165134732318917	0.0249536788050282	0.132119914734136	0.222291628064584
92	0.186008100643495	0.0374770030840243	0.0298092462048766	0.0123932466795678	0.113840202284707	0.0311415739410783	0.288721138026943	0.00278079693412397	0.190531412667327	11.1292941008707	0.338145961779696	0.28062079664912	0.023226665171882	0.27612641028963	0.0332574397021133	0.0306862034896908	0.498059356228213	0.0368582517281371	0.00509617465298415	0.0225236418729803	0.0264287187388496	0.0897672819985153	0.0578756896787116	0.0594335178034429	0.0796570390541892	0.0698554747945656	0.0585392240749748	0.059301294959738	0.002067749998419	0.134754732973723	0.342510969776774	0.197241983393809	0.513498770040595	0.093400773587775	0.0839660727378634	0.00386135049376496	0.0218147461092823	0.0144919574937439	0.784462793482639	0.239931121160645	0.0210431811116544	0.0986872848678886	0.00627622379380277	0.012326581859767	0.0313669027594599	0.120096213805639	0.141476132916159	0.328458533776901
93	0.113494432528246	0.0118115866225781	0.026904082571027	0.00108442496856098	0.112480189019185	0.0147278265871184	0.369756862799155	0.0127200199204595	0.19192480651452	5.28597534112207	0.467109607312023	0.406293044432389	0.0595432461256627	0.268094637990063	0.0311767319010578	0.0224134905249255	0.297185968054264	0.0247331692803328	0.00366373334118152	0.00757820889178458	0.0155832707713934	0.066514483487507	0.033472407506539	0.0442634554668762	0.0569627280810614	0.0547970835839378	0.0908313083795135	0.0652141711811648	0.00304764611445623	0.114633161632014	0.387599822123649	0.125369695811712	0.612523407503489	0.100872288738259	0.0781661486582846	0.00497907984003428	0.0231634685390047	0.0204856784768913	0.635063076543487	0.237960963110834	0.018161582515712	0.0752158102660699	0.00529449634467379	0.00591523459869045	0.0321448123060649	0.146415994618041	0.14533930847394	0.296170208285892
94	0.547271488394535	0.00338527430124621	0.00632693451302921	0.130031167755145	0.231171206341477	0.0146162965406869	0.10443994494706	0.00192265768773113	0.0586431443740532	1.03482832362241	0.0171795485104047	0.243845330347009	0.000355587236739501	0.0370141705449911	0.000137127003004436	0.0283848695946455	0.772692732154545	0.0145885784487476	0.0101476745315552	0.0193667015107497	0.12149488145416	0.0628953784869151	0.21890754734505	0.158115172314925	0.334225747719929	0.203119325985802	0.0144682408175458	0.00288303444420623	0.00611319530676103	0.0730547634025906	2.08288005352518	0.505434200431043	0.0962126591240798	0.00808854397723513	0.261325437442908	0.00525242819631386	0.00677347285191174	0.0122199103119053	5.5053331137724	0.435821408919576	0.0311471435720543	0.231453630752538	0.00524135925386071	0.0412015003819997	0.20729414172631	0.119718241834986	0.231850189777134	0.28036417687556
95	0.472050636432129	0.0477756509748119	0.0178350217639454	0.00376762151415837	0.0692367333547579	0.0211029916173605	0.184637563445817	0.0266148013875236	0.21757449935422	11.4535147318978	0.340046878629436	0.301974328081142	0.0468590718119426	0.249787476040156	0.0043506283468909	0.0690174107149754	0.421679577777276	0.0416906228950418	0.00567716868390513	0.0142227925806959	0.0504068051068595	0.0641482200650383	0.0708751403836459	0.0923484519608956	0.0592822536266554	0.0267628451534133	0.048603681861129	0.0463676352298255	0.00199327027083426	0.195366321285374	0.269719098343828	0.115718802787349	0.440518111513282	0.0576353272525613	0.0582940930948805	0.00770309066156336	0.0308690077721492	0.01963981976503	0.906788646074326	0.295658398979643	0.0353775280412752	0.0385841809981732	0.00744013726777053	0.0146620038731976	0.02175204697876	0.0979369643765195	0.136874262721018	0.175525127316643
96	0.21130489118095	0.0260938642865084	0.0280784424927611	0.0118326305925676	0.0681371749707463	0.0297717341825168	0.542445808211248	0.0533230492668788	0.346691954769885	9.37042056714854	0.353843531511326	0.58179269580535	0.0713423707954186	0.218501506224417	0.0326489615920361	0.0486173014622359	0.494146870262745	0.044867388825141	0.0158063952190787	0.0122817056537566	0.0277828386449237	0.0597602412261393	0.0188991611466711	0.154398025161977	0.0858498212232265	0.0133614097228064	0.0684775713994987	0.0116931027158046	0.00254987536928499	0.119265484380305	0.0530026185586937	0.14982878096728	0.630874513450878	0.0458099308364748	0.0668113358929192	0.00277271828691764	0.0503879356722945	0.0149312355623454	0.320750370811441	0.278038418942983	0.0264250165933156	0.0916177625329499	0.0067790212283715	0.008769197069424	0.0219789950910693	0.0784578832785818	0.107581054972327	0.153361568717035
97	0.0687419705563832	0.0554172510129827	0.0243301007397982	7.4243309375815e-05	0.0956695659244166	0.0190846629461685	1.19461483531566	0.0170967228887935	0.219078150399414	10.332030702471	0.110283105175966	1.1166640715241	0.423973477797349	0.250539038393548	0.071613311585618	0.0235791119952448	0.509339442747838	0.0773938611139597	0.00823615554143114	0.03302108824425	0.0684923662872592	0.114111163779253	0.195656671327136	0.0956092271604478	0.0331235664436397	0.0208812181381617	0.0392048754318018	0.03863706680329	0.00853810641605877	0.084024916689691	0.274974262125313	0.137789858446288	0.222066975562727	0.255992857831086	0.0929920268264924	0.00569836645693693	0.0250268086578455	2.91808754691752e-06	0.3197520680007	0.221602798809308	0.0266181728239403	0.0717882583482758	0.0037104273653291	0.00147812278542215	0.00522810985673936	0.0874025175725877	0.112158488974641	0.26820444502875
98	0.0887054983759478	0.0481655376985823	0.0131790219075957	0.000174344688631629	0.0653361749276638	0.0134326024440432	0.490026709805199	0.032500790946774	0.24993869016349	7.3580376808004	0.305569022651416	0.646130167140948	0.0331298894124009	0.260406463062506	0.0802746242812899	0.091176084532263	0.507425150057702	0.0438641477851707	0.00850345006000008	0.0201672861677188	0.041297420124811	0.0502218388824297	0.125245209460518	0.127573195833924	0.0586848781837048	0.00370133095499018	0.0400477241252592	0.0271783799554584	0.00397431485811131	0.229661838070934	0.174072889075395	0.106739481442464	0.376569037383464	0.0425985737472961	0.0850283368942567	0.0076336550418876	0.0483882773084095	9.78544231745362e-05	0.416019311639291	0.296743410517199	0.0314304619263198	0.0600672896535603	0.00466764417022405	1.85397883505228e-05	0.0273136996286597	0.0684836904003907	0.104629748554683	0.161294772059675
99	0.0570680651473484	0.0381122808178244	0.0225547823142153	0.00380373074136266	0.0841362477456117	0.0238121542912176	1.12857047891347	0.0392180231101467	0.111870499228138	8.00299174303561	0.397722366226209	0.663381735423163	0.0759381554346269	0.242620543395116	0.109420809642537	0.0212069732079383	0.449245521445404	0.0401098182420039	0.00538117609190132	0.0174362690731517	0.0363661661817448	0.0772114783345015	0.0509206237477886	0.0718180879906467	0.122428448561921	0.0554050024596316	0.0665704388236755	0.0238300272545718	0.00323867081532527	0.0593229757624806	0.010164930550395	0.0439127440991347	0.582659676697856	0.0428736305617599	0.110867065346207	0.00615732691212308	0.066548772446245	0.0131008551979744	0.0472722757091472	0.204411169160005	0.01392324313026	0.0227490350695025	0.00313492803314494	0.00543433479969034	0.0236490487691643	0.119398897174203	0.125936911086397	0.291765308605837
101	0.258925994375765	0.130408061478394	0.00531850911898892	0.0128926732681179	0.0421363916969928	0.0126437088189159	0.12354217490567	0.00294704387304168	0.0756743679471452	2.86076822140531	0.111234558986564	0.240713435791922	0.0965536043215886	0.186930229466344	0.420997142845732	0.0554362874567816	0.471194574694954	0.0247404279013209	0.00408748433662976	0.201481836586575	0.085369767525193	0.119302103869569	0.0886482098909181	0.142560112656026	0.0731007250144658	0.0118085253270906	0.0142466967542162	0.00954458166142204	0.00209511705873006	0.190181263066604	0.275030172381151	0.0518876598812954	0.18671355311704	0.0667157673910707	0.10523968248414	0.0108947099520121	0.0339158158281933	0.0191647912662799	0.79342559697482	0.25372477454178	0.0238907777529723	0.0319849700713806	0.00363453152575522	0.0100248182018532	0.0197585392273477	0.0558284617553448	0.100882295110981	0.114919067095041
102	0.27227083476035	0.0304488333813284	0.0233685411666445	0.000118110034911367	0.0965805376124258	0.0252885471818251	0.117457962749726	0.00646933907146665	0.153293203842618	8.74301708467195	0.129839741999448	0.0591134855403028	0.000267093643603844	0.207986696844489	9.09951285760447e-05	0.0178749622831896	0.317308026780623	0.0243979549631479	0.0106688286799951	0.0123664913322421	0.0312083117882823	0.0639562049765344	0.0258976619131728	0.0729320633182438	0.0153729944411646	0.0308260871650229	0.0728154233333065	0.0662513792475327	0.00341177171633167	0.138315912811659	0.444023804600756	0.154089388691097	0.537178198536219	0.079949176410783	0.0686361746021515	0.00595492152807194	0.0257747921077178	0.0216914146580616	0.855598998847764	0.250158856438807	0.0255306234850986	0.318393212241583	0.00415756511943289	0.00683419854997099	0.021759283381137	0.137675992760352	0.140385726823937	0.307080402395934
103	0.0392295772396246	0.0591011268504856	0.0183312320166194	0.057914348458072	0.0874825697289739	0.0408929972990904	0.285613478213223	0.00819095690128725	0.156987448368922	11.8422437563893	0.182776914665367	0.185610957596161	0.0412302543838188	0.222859598542981	0.141352312261148	0.0278573666630841	0.762037641075954	0.0508216604447576	0.0170228666559996	0.0230204024236842	0.0883285524543573	0.104308966591061	0.03853871316194	0.117342949842956	0.108360471754486	0.0424070054660044	0.0612071504784068	0.0515162190592224	0.00281879592388707	0.142973564088083	0.30690477805136	0.321532066199068	0.62365879700411	0.106874964920254	0.0613914718854669	0.00441583541172848	0.0372970644319679	0.0146443935419736	0.57662725880688	0.358861026998625	0.0207186022899428	0.0694215600152641	0.00495859435354384	0.00669455593433758	0.0211759226265379	0.116793677278965	0.146206696345238	0.259138407393516
104	0.0193535503220529	0.0199539256306361	0.0191912936769655	3.17663927458441e-05	0.0919456128425902	0.0258966627591679	1.27828379612049	0.0411052135499956	0.149882995254774	11.4537523065389	0.747764675312049	1.27538823487629	0.0703128064936276	0.275896498018928	0.148381153231554	0.0118743347021399	0.48998336133879	0.0339959472540218	0.00573656955723167	0.0149389310066854	0.0316087835599175	0.0680823545856612	0.0972115649863639	0.0843169057485916	0.213062196955728	0.0467882194221094	0.0645867903260457	0.0503435660130351	0.00401229485254442	0.150717920795507	0.181326222531428	0.571168715666251	0.538006318513488	0.0748812713000138	0.071631333105686	0.00321397416946955	0.025150095903549	0.0197042918048053	1.16827846021521	0.374359585977628	0.0137632122005882	0.0163905162173715	0.00372581535043888	0.00537183563059742	0.0121515444110847	0.106519480302783	0.122330111568774	0.254196626197158
106	0.046280638846354	0.0193178329098246	0.0199743413104012	8.24107744581858e-05	0.110999215341061	0.0366641183729009	0.775865722377824	0.0230704599059821	0.198718443594973	7.4241200865688	0.629884000696092	1.14051565098093	0.046496404616833	0.3680937434743	0.0284904100300676	0.0252859231768569	0.406193030304937	0.021715787516552	0.00381248231509268	0.0137697994773817	0.0255456122809968	0.0571070591610567	0.054330883979611	0.0567829990310288	0.102576268220839	0.0377236741958726	0.0881198002643756	0.0533537320249707	0.0019510053485696	0.226836129653527	0.157129312733224	0.129726381257545	0.545216738417912	0.0773402100493082	0.293291551390594	0.00829017955744535	0.0242289337232986	0.029255004988031	0.87917641447461	0.413081772850524	0.0188181049944386	0.0413538189077316	0.0038014434782032	0.0140689745411151	0.00990537057085444	0.134176612179972	0.152500310505175	0.296925081061707
107	0.518537968870719	0.0337919068529719	0.0286336843197394	0.0124733998910091	0.100518157494057	0.0190508687088111	0.230665469827272	0.00473015509334052	0.156662211552978	5.48445155719417	0.139359619559106	0.264383085048026	0.0501796279194976	0.13317117256172	0.656293469542641	0.0219953677123625	0.637368152404087	0.0537449758525455	0.00384372384501731	0.0133281529900338	0.0371527590757489	0.0848982181817612	0.0797271576980443	0.0660423043110447	0.0651483531421802	0.0368165733854536	0.0419767529902352	0.00481886855104888	0.00219302392311536	0.169256470237307	0.0489041782513477	0.116825548060864	0.244912425205338	0.026988182327734	0.0770537154887821	0.00737253358472911	0.076239612246468	0.0132034391276611	1.10375620041876	0.235281772769222	0.0162484323706264	0.0857089223759007	0.00517356279752373	0.018274444069311	0.0294506235164623	0.0862153273165883	0.126076098494927	0.218007262700024
108	0.157850663512876	0.0262281860273845	0.0114749582528591	0.279248800802212	0.0429105717784745	0.0099828417977011	2.09983441087458	0.00403057454753077	0.0959809806102684	2.22777859358687	0.122317735134468	2.12271540359767	0.291901178279589	0.249034216953256	0.212715845376739	0.0938230452736641	0.506799094977805	0.0293162067063427	0.00415999514934067	0.0171950097086948	0.133657602949675	0.0314811680627622	0.119618612939513	0.140359390979316	0.0242670706150604	0.0123052639365494	0.0225437970940495	0.00297697606096072	0.00449258657621617	0.149237769724898	0.519779370346257	0.0750583544381138	0.353238608138601	0.0333981399683504	0.0989499080100687	0.00555655549667513	0.0221594941597019	0.0503047746719347	1.91873864720343	0.185197469563139	0.036057902406666	0.0267787160062202	0.0097964107552316	0.0496943917606506	0.106395624711685	0.00811733330130096	0.0244935919505414	0.0399213020837172
109	0.00454552799947445	0.0280669764287303	0.0261059139877597	0.000187538717663968	0.114327460251323	0.0209174561996064	0.294181584624396	0.0147427031945305	0.204178553360492	7.23444622318887	0.348258253019191	0.318432328789614	0.0181636632199309	0.35015736648323	0.0170827175266495	0.00918206919690641	0.348027913580463	0.0294229839855496	0.00802137052260792	0.010455880009233	0.0352669951991947	0.0812334223733857	0.0840624089768923	0.0659032371943598	0.0334375150528035	0.0855731850459831	0.101647092837446	0.0674288082769483	0.00225565582748297	0.143882446283377	0.319699452485147	0.0430771040972654	0.63389035837917	0.0891331025750585	0.0584256387413286	0.00491451956266489	0.0291326566599907	0.0200263359692932	0.27024115209572	0.30569150892189	0.0131029602156219	0.254233865003108	0.00205905077233284	0.0025440356601274	0.018884290380785	0.150914769385051	0.158722599329019	0.327858249911967
110	0.113875706575164	0.0713702703018218	0.0151378464733222	7.94863653471822e-05	0.0196747486979759	0.0111672166649877	5.35585262202071	0.00287722654231042	0.130928208430689	4.37986545964463	0.996309666344088	3.56527191672239	0.507088248733015	0.266305252950643	0.198739177176444	0.0313262039155522	0.790072255426415	0.0694499031825637	0.0139485182086974	0.0356573922284662	0.0477327849877242	0.0467966315672323	0.131094183370395	0.143068128995607	0.317047097649474	2.50322807853459e-05	0.0509818455500825	0.00176037651592906	0.00659850519179579	0.308959475887735	0.0470723255834943	0.0146866230000999	0.266436048818337	0.000319038712303904	0.033735516820732	0.0139350091731213	0.0518530794112218	0.0142265193661364	0.0986554332830471	0.299190710178579	0.0262856141333574	0.17208615130662	0.00583460755262637	0.000566921823140394	0.00958384304497843	0.0352294335994634	0.0672082837119438	0.0585203375089511
111	0.0923188962088868	0.0560671039481788	0.0271982138528967	2.328717229628e-05	0.0869859326556409	0.0233215667938373	0.585286831213241	0.00553250009396352	0.0958835113817529	7.39996900608002	0.313367140496281	0.643746379184677	0.0530194543690669	0.224165574200525	0.140173894391744	0.0172365762791282	0.668415095035379	0.0554519028492196	0.00487788901312077	0.0185525513655355	0.0334342688331872	0.100054912810952	0.0830344582828205	0.117329895642395	0.0265390414045913	0.0407263639479592	0.0692897248823955	0.0153228483854023	0.00286782056449231	0.0979687960264903	0.0666683525703957	0.0534443613503991	0.543455020958568	0.0530470939141141	0.123135907678309	0.00492403871078267	0.0646594202509499	0.0134738383331655	0.133523150678273	0.237221163469732	0.01742436421282	0.0871183442639191	0.00378466759122748	0.00397840204682835	0.0145376900520879	0.110865791275386	0.131296083322614	0.231444631991198
112	0.285235192972665	0.0236811110017792	0.023972885180819	0.00251477669230721	0.114826915371158	0.00639602866125691	0.369847745552924	0.021086423589985	0.155522844731879	10.19609174094	0.425869129083686	0.415128995767164	0.0256489172268595	0.298303141277738	0.00626371237377068	0.0129231331309097	0.283205793050701	0.0295451613623938	0.00501413352983716	0.010839059562364	0.0189852660559664	0.0684446288345115	0.0565055902882338	0.0658487465925282	0.0351338688738805	0.0829684708456124	0.0802250263478077	0.0241547799780298	0.00393127944030886	0.151717250356956	0.128375057639126	0.0307490614082485	0.441595755229913	0.0486588275616191	0.0522632293810984	0.00601897475026442	0.081137157526276	0.00669458288194452	0.289568190883184	0.142746864252924	0.014044058797844	0.0471912320442319	0.0041594099600585	0.00666131127237179	0.0407734795825445	0.150201436926642	0.121500270544022	0.39835474850588
113	0.775132271483546	0.0594365655909251	0.0197680702139845	7.97926733550793e-05	0.0709193206790703	0.0194459129356838	0.421054390985716	0.00963612922958688	0.14279695905793	11.3877932699263	0.242797216056561	0.391629065943054	0.0695006441849152	0.265728722614597	0.080058091043743	0.0102183306828156	0.495975091273183	0.0393736729918211	0.0141242495982276	0.0159517284339994	0.0456702298547913	0.110894531695806	0.0699806033786062	0.123281514161276	0.0781954567284497	0.0288275855300023	0.0762351283723256	0.0113132835689815	0.00219027194744617	0.0621858765964728	0.0549361326302003	0.049881102396401	0.666441855548055	2.82712790935074e-07	0.0850358362775283	0.0087716264176114	0.0739114193895459	0.000180182497555094	0.337827153708108	0.261147631918273	0.0236019993872539	0.152606915739657	0.00569615582876107	0.000963720544303919	0.0420310242356533	0.131867099082945	0.1204866635751	0.26508172798734
114	0.467852448066667	0.0416327944733689	0.0147877205871167	0.00460820750977612	0.0457196324805571	0.00937037370731512	1.58406810707133	0.00516639833716823	0.131927687563449	3.97289492982049	0.536353532305835	2.55705570243648	0.389631466480457	0.129522029257301	0.0797080350690832	0.0539356399894389	0.380086046461385	0.0452244554662618	0.00731596004364041	0.0193244281146371	0.0621050976724001	0.0680823545856612	0.0354946513029041	0.0847407336445717	0.0336710363120578	0.00439336053215497	0.0670732251497251	0.0109083268458826	0.00143309696830049	0.146729088146581	0.044061648672897	0.0331653177061452	0.274853123675054	0.00790361299794122	0.073151585779014	0.007145060381265	0.0417374286066986	0.000129900911573602	0.462584620589602	0.157350557836315	0.0467683373868585	0.131924838441174	0.0154263665474125	0.0152537300317786	0.0408357589679387	0.0579512872277248	0.0884362265753008	0.150345150880534
115	0.617260664313925	0.0294788002218702	0.038495010484433	0.0199618459416346	0.0761541524619126	0.0316942387065587	0.569966971529001	0.00941945931581123	0.143810221766437	9.80937389967296	0.316759235015833	0.596282751765265	0.0307345718805511	0.273800668665826	0.000301749284403131	0.0169205820836498	0.434723830379029	0.044278285146599	0.00578471796355001	0.0363519967511044	0.0435482701282682	0.0495164574326891	0.0886415374538662	0.0535395210890651	0.0426124124062696	0.000134345390209874	0.0415526570641018	0.051975005044568	0.00304198351553316	0.132354199732879	0.275219170955918	0.156508716086847	0.433624226993034	0.0583320392810854	0.033735516820732	0.00666945612860392	0.0319462537228717	0.000219109894721081	0.797194638211598	0.248007032199003	0.0328770501938469	0.147252281726205	0.00473620483068095	3.50523098604729e-05	0.0333159245370954	0.103176103738331	0.119470686140949	0.204553078722843
116	0.46627382122705	0.00785798715186653	0.01602212928743	0.000268763332298415	0.0728717463763473	0.0184546180177475	0.319210870711164	0.00981493718918464	0.185793114912741	9.30806948425281	0.189417849588888	0.352274644159239	0.156501344544009	0.233242115902561	0.000396980287708053	0.0190151509437671	0.468565273546939	0.0272342352663427	0.00891406478860424	0.0129382567205345	0.0518326227197842	0.0680823545856612	0.130384192132677	0.0815037649866034	0.0492542153507302	0.013610495404894	0.0636395304902498	0.0109374518074779	0.00312878747794218	0.0869047840818192	0.0616099531646455	0.0427342549020267	0.548770454026911	0.000404151186180962	0.0702455482667972	0.00971362176566846	0.0940493114465691	0.000420521276184865	0.268825924036594	0.211785427438349	0.0334589803542741	0.163406321924055	0.00646962215626292	0.000128055721011428	0.045730810829665	0.140953813499348	0.139787429156396	0.302291708887761
117	0.485781637601389	0.0464821664813019	0.0253704143615634	6.08116418659977e-05	0.119390827685685	0.0238236769688069	0.132364461994571	0.00870678842444086	0.174981748305455	7.48547573493295	0.223488210227163	0.105013198581374	0.0210043024284324	0.201957666614179	0.0754222151822537	0.0102571529093232	0.640000573349071	0.044867388825141	0.0128158702024563	0.0179663454764129	0.058682264980267	0.127803070636072	0.0395497364815458	0.11775840918818	0.0718397121904218	0.0715235153146981	0.0873466080557558	0.0177276092065231	0.00257874606527944	0.107316873174522	0.0423913573211202	0.0454687646865977	0.583153934430881	0.0324385261227385	0.102462743963116	0.00459895178659123	0.0973957965052979	0.0153427860366606	0.247213500793261	0.339345999577935	0.0179031807442968	0.0880855907309958	0.0029766103084587	0.00352413819865609	0.0535821028744033	0.182909769287849	0.161314786912109	0.355440294764229
118	0.402172015884989	0.038696637043763	0.0215189096750191	0.000241297731707901	0.0280783893452689	0.0129393736128793	0.304350733354536	0.0149940213423465	0.201666364476819	4.68435922263949	0.213861041330612	0.355715243691571	0.000618664644657081	0.180517854232083	0.000324981538451477	0.0221448736125554	0.55808789829003	0.0535017466221492	0.0102584493005979	0.0241388767313437	0.0537646530564606	0.0795531599950801	0.142631784790541	0.174132723905872	0.0314642784659361	9.98517352287486e-05	0.0373144282117388	0.0051193246088612	1.77002718964521e-06	0.255109960737309	0.97206665423372	0.0220225437514877	0.392633747087374	0.000599148765249909	0.0195679311036416	0.00978480943399575	0.0651212195994562	0.000571727389153158	0.328312668228593	0.269337835232625	0.0381929774103123	0.180311286438808	0.00739188481268786	0.000171069361882442	0.0218438267245154	0.043996201522611	0.0600328059231199	0.103790390796168
119	0.284738495881451	0.0378387637292158	0.0223838027535042	0.000862577112179767	0.0936510703152739	0.0329089791163066	0.0835899242446231	0.0073900698888693	0.164347913126634	8.69367396339591	0.258007021918729	0.166648516601133	0.0502701461512234	0.226706938214501	0.0157845626078115	0.0182510544319758	0.410647360392663	0.0401242606181646	0.00671025412441784	0.01337985587752	0.0422425750090723	0.089584412088468	0.0522146044645109	0.0924476235652213	0.46208157284736	0.0424317989426738	0.0603219082165183	0.0149381730720776	0.00284529861120725	0.0987809392364838	0.0525990361825407	0.0523202775110396	0.575172218363803	0.0549741563345725	0.063689676114659	0.0076045010652985	0.0795473056910067	0.012359064627298	0.236821228181618	0.229449979363213	0.020417828955423	0.0194210776354192	0.00236379232877856	0.00827076195610326	0.0279610560091011	0.127709545771963	0.135050208466671	0.28036417687556
120	0.269058266078756	0.0259355446876768	0.0331816198141482	1.89336690722456e-05	0.132933031637756	0.0578206130723369	0.0953234746385544	0.0155967788918149	0.165850572330974	8.24069270688189	0.43581705347034	0.1682522620423	0.0141513625025849	0.280166649732072	5.96562018191774e-05	0.00868549586648673	0.319193452026931	0.0226490756543433	0.00726967937133583	0.0133670229030609	0.0211732731378405	0.0746589062760376	0.0632915239901684	0.0609283270837004	0.0307068961193968	0.0574235095582134	0.0897938043112299	0.0256735280886445	0.00546940687116091	0.204068852761888	0.260561703103679	0.0334570181719582	0.47772995008471	0.0345324521493412	0.107043375121854	0.00725406891903802	0.101481001855677	0.0149161891654285	0.400673610389903	0.268350438022938	0.01644513455537	0.0786851037426162	0.00287367564936549	0.00364833609829713	0.0157035020658182	0.176795797731334	0.153836358227659	0.397639784731198
121	0.258855941267694	0.0632471888644841	0.00891316394236434	0.00352080879503785	0.0335874029049183	0.00700085221861543	3.17348280655594	0.0105931555935761	0.102059060995331	7.25743165672596	0.260814913908052	2.36128977971524	0.392832911786116	0.322379874752018	0.234095578028479	0.0108712752537691	0.48059339866024	0.0471793520285535	0.00358331630628358	0.0329108420111196	0.0728207397241217	0.0523020874765661	0.0766848131615685	0.0850663299804862	0.0390932600800495	0.0077316591306025	0.0229034193180011	0.00920915315477302	0.00190903038040058	0.199991890041202	0.0842755642351246	0.0551987980110212	0.266051161259489	0.0176697949444989	0.0377336356817007	0.00846862901035454	0.023245401053588	0.0167658033862037	0.311124782720983	0.176652902363033	0.0145179011385902	0.0615703653299242	0.00263621324016064	0.00589814150499508	0.0152451133630462	0.0359352888980706	0.0615379681228959	0.100616702795349
122	0.222278647278018	0.027499290641337	0.0237541697184	0.00510995407498436	0.106235993566747	0.0210181968473518	0.333807942307288	0.0222685689375592	0.204043416431321	7.93160478761122	0.35244636975505	0.208903155519851	0.0512841080002983	0.279885089664359	0.0279777860580227	0.0103176703317262	0.288600824137373	0.0315848247928498	0.00518927423215294	0.0108399320440865	0.0289051859314106	0.0901737520711904	0.0763869100645369	0.0693267366967839	0.116866092832431	0.0446215789888569	0.0975103113127783	0.04987252305359	0.0025021691198017	0.0665920818502177	0.195928647447222	0.0627353041640317	0.409320544847373	0.34213478289398	0.0416850698786106	0.0042042504747018	0.0215670916468899	0.0154136099423425	0.297653998142283	0.189174934251915	0.00989958144361898	0.0536147886111211	0.00256662552449513	0.00378175084719125	0.0217983504325457	0.116691483733008	0.154809736964581	0.293918603821699
123	0.366293670540979	0.00420465030468099	0.0163379712469559	9.68673017232137e-05	0.114826915371158	0.0122464028672832	0.188088545827288	0.00477358694048187	0.0844815891181473	3.38132718933809	0.0234436432057774	0.160358989181362	0.0486067525537922	0.377550470662658	8.1046917717169e-05	0.0564782449150149	0.580157608088934	0.0120148234984164	0.00418932445550154	0.0277186581015806	0.0903423215520793	0.0767565505407291	0.0366088655277457	0.120042430846797	0.176887254262315	0.103807520439017	0.0168881150755814	0.008494546103104	0.00196218937785262	0.0516090220802309	2.30628533415144	0.461741101135101	0.197291959795912	0.0322236700018272	0.0654052180141706	0.00538974528697257	0.00497770807708877	0.186074289937746	5.99301643977419	0.463466596698449	0.0287194979732666	0.108397014375961	0.00356539627355527	0.0137612667813275	0.140091461254541	0.00750056040802181	0.0133247793163682	0.015878251912376
