sample_alias	Acidaminococcus	Acinetobacter	Actinomyces	Actinomyces(0.05)	Actinotignum	Aerococcus	Aeromicrobium	Aeromonas	Aggregatibacter	Akkermansia	Albibacter(0.01)	Alistipes	Alloiococcus	Alloprevotella	Alloscardovia	Anaerococcus	Anaeroglobus	Anaerostipes	Arcanobacterium	Arenimonas	Arthrobacter	Atopobium	Atopostipes	Bacillariophyta	Bacteroides	Bifidobacterium	Bilophila	Blautia	Brachybacterium	Brevibacterium	Brevundimonas	Bulleidia	Campylobacter	Capnocytophaga	Catenibacterium	Chlamydia	Chryseobacterium	Cloacibacterium	Clostridium_XlVa	Clostridium_sensu_stricto	Collinsella	Coprococcus	Corynebacterium	Deinococcus	Dialister	Diplorickettsia	Dorea	Enhydrobacter	Enterococcus	Eremococcus	Escherichia/Shigella	Eubacterium	Ezakiella	Facklamia	Faecalibacterium	Fannyhessea_vaginae	Fastidiosipila	Finegoldia	Flectobacillus	Fusicatenibacter	Fusobacterium	Gardnerella	Gardnerella_vaginalis	Gemella	Gemmiger	Globicatella	GpIIa	Granulicatella	Haemophilus	Helcococcus	Holdemanella	Howardella	Hymenobacter	Intestinibacter	Jonquetella	Klebsiella	Kocuria	Lachnoanaerobaculum	Lachnospiracea_incertae_sedis	Lactobacillus	Lactobacillus_crispatus	Lactobacillus_gasseri	Lactobacillus_iners	Lactobacillus_jensenii	Lactococcus	Leptotrichia	Limosilactobacillus_vaginalis	Megasphaera	Micrococcus	Mobiluncus	Moraxella	Moryella	Murdochiella	Mycoplasma	Negativicoccus	Neisseria	Nosocomiicoccus	Novosphingobium	Odoribacter	Oligella	Olsenella	Oscillibacter	Parabacteroides	Paracoccus	Parvimonas	Pasteurella	Pediococcus	Peptococcus	Peptoniphilus	Peptostreptococcus	Pontibacter(0.04)	Porphyromonas	Prevotella	Propionibacterium	Propionimicrobium	Pseudomonas	Pseudoxanthomonas	Psychrobacter	Romboutsia	Roseburia	Roseomonas	Rothia	Ruminococcus	Ruminococcus2	Runella(0.05)	Saccharibacteria_genera_incertae_sedis	Slackia	Sneathia	Sphingomonas	Staphylococcus	Streptococcus	Streptophyta	Sutterella	Turicella	Turicibacter	Unclassified	Ureaplasma	Varibaculum	Veillonella	Weeksella	Xanthomonas	"f_""Porphyromonadaceae"""	"f_""Prevotellaceae"""	f_Alcaligenaceae	f_Bifidobacteriaceae	f_Clostridiales_Incertae_Sedis_XI	f_Comamonadaceae	f_Coriobacteriaceae	f_Dermabacteraceae	f_Enterobacteriaceae	f_Erysipelotrichaceae	f_Flavobacteriaceae	f_Intrasporangiaceae	f_Lachnospiraceae	f_Lactobacillaceae	f_Neisseriaceae	f_Pasteurellaceae	f_Peptoniphilaceae	f_Peptostreptococcaceae	f_Ruminococcaceae	f_Sphingobacteriaceae	f_Staphylococcaceae	f_Veillonellaceae
StressDiet_1	0.0	0.00015501043552396294	0.0005702169592488637	0.0	5.536086982998677e-06	0.0	0.0	0.0004761034805378862	0.0	0.0	5.536086982998677e-06	0.0	0.0	0.0	0.0	0.0006255778290788505	0.0	0.0	0.0	0.0	0.0	0.00022144347931994708	0.0	1.660826094899603e-05	0.0	5.536086982998677e-06	0.0	0.0	5.536086982998677e-06	5.536086982998677e-06	0.0	0.0	0.00021037130535394972	2.2144347931994708e-05	0.0	0.0	8.857739172797883e-05	0.0	0.0	0.0	0.0	0.0	0.003033775666683275	0.0	0.00039306217579290607	0.0	0.0	0.0	4.982478284698809e-05	0.0	0.0015334960942906335	0.0	1.1072173965997354e-05	5.536086982998677e-06	0.0	1.1072173965997354e-05	5.536086982998677e-06	0.001489207398426644	0.0	0.0	0.0033437965377312007	1.660826094899603e-05	5.536086982998677e-05	6.0896956812985444e-05	0.0	0.0	0.0	4.4288695863989417e-05	0.0006421860900278465	0.0	0.0	0.0	0.0	0.0	0.0	5.536086982998677e-06	9.411347871097751e-05	0.0	0.0	0.0008802378302967896	0.9610093393787403	1.1072173965997354e-05	0.00019929913138795236	0.0	0.00013840217457496693	2.7680434914993385e-05	0.0	0.0	2.7680434914993385e-05	1.1072173965997354e-05	0.0	0.0	1.1072173965997354e-05	0.0	5.536086982998677e-06	0.00017715478345595767	0.0	1.1072173965997354e-05	0.0	0.0	5.536086982998677e-06	0.0	0.0	5.536086982998677e-06	5.536086982998677e-06	0.0	0.0	5.536086982998677e-06	0.000996495656939762	0.0	0.0	7.19691307789828e-05	0.005010158719613802	6.0896956812985444e-05	0.0	0.00022144347931994708	0.0	0.0	0.0	0.0	0.0	0.00010518565267697486	0.0	0.0	0.0	0.0	0.0	0.0	0.0	0.009887451351635638	0.0003653817408779127	0.0003653817408779127	1.660826094899603e-05	0.0	0.0	0.0025133834902813994	0.0	5.536086982998677e-06	1.660826094899603e-05	0.0	5.536086982998677e-06	0.0	0.0008138047865008055	0.0	0.0	0.0	2.7680434914993385e-05	0.0	5.536086982998677e-05	0.000564680872265865	0.0	0.00012733000060896957	1.660826094899603e-05	0.0	0.0	0.00012733000060896957	0.00011072173965997354	0.0	0.0	0.0	0.0	0.002773579578482337	0.0
StressDiet_10	0.0	2.1106842838448225e-05	2.1106842838448225e-05	0.0	0.0	0.0	0.0	0.0	0.0	0.0	0.0	0.0	0.0	0.0	0.0	6.332052851534467e-05	0.0	0.0	0.0	2.1106842838448225e-05	0.0	0.0	0.0	0.0	0.0	0.0	0.0	0.0	0.0	0.0	0.0	0.0	2.1106842838448225e-05	0.0	0.0	0.0	0.0	0.0	0.0	2.1106842838448225e-05	0.0	0.0	4.221368567689645e-05	0.0	0.00010553421419224113	0.0	0.0	0.0	0.0	0.0	0.0	0.0	2.1106842838448225e-05	0.0	0.0	0.0	0.0	0.00021106842838448226	0.0	0.0	0.0	0.0004432436996074127	0.0018151884841065473	0.0	0.0	0.0	0.0	0.0	0.0001688547427075858	0.0	0.0	0.0	0.0	0.0	0.0	0.0	2.1106842838448225e-05	2.1106842838448225e-05	0.0	0.016442230571151167	0.9598969986069483	0.0	0.00018996158554603402	0.0	0.0	0.0	0.016547764785343408	0.0	0.0	0.0	0.0	0.0	0.0	0.0	0.0	0.00010553421419224113	0.0	0.0	0.0	0.0	0.0	0.0	0.0	0.0	0.0	0.0	0.0	0.0	0.00014774789986913759	2.1106842838448225e-05	0.0	0.00014774789986913759	0.002321752712229305	0.0	0.0	2.1106842838448225e-05	0.0	0.0	0.0	0.0	2.1106842838448225e-05	8.44273713537929e-05	0.0	0.0	0.0	0.0	0.0	0.0	0.0	2.1106842838448225e-05	2.1106842838448225e-05	0.0	0.0	0.0	0.0	0.0004432436996074127	0.0004010300139305163	0.0	2.1106842838448225e-05	0.0	0.0	0.0	4.221368567689645e-05	0.0	0.0	0.0	0.0	0.0	0.0	0.0	0.0	0.0	0.0	0.0	0.0	0.0	0.0	0.0	0.0	0.0	0.0	8.44273713537929e-05	0.0
StressDiet_101	0.0	0.0	0.00018454724409448819	0.0	0.00016916830708661417	0.0	0.0	0.0	0.0003537155511811024	0.0	0.0	0.0	0.0	0.0	0.0	0.00032295767716535435	0.0	0.0	0.0	0.0	0.0	3.075787401574803e-05	0.0	0.0	0.0	0.0003075787401574803	0.0	0.0	0.0	0.0	0.0	0.0	0.0001999261811023622	3.075787401574803e-05	0.0	0.0	0.0	0.0	0.0	0.0	0.0	0.0	7.689468503937008e-05	0.0	0.018485482283464565	0.0	0.0	0.0	0.0	0.0	0.2018177903543307	0.0	0.0	0.0	0.0	0.0005075049212598425	0.0	0.002291461614173228	0.0	0.0	0.01696296751968504	0.0023529773622047246	0.13059793307086615	0.06171567421259842	0.0	0.0	0.0	0.00012303149606299212	0.09105868602362205	0.0	0.0	0.0	0.0	0.0	0.0	0.0	1.5378937007874016e-05	4.6136811023622047e-05	0.0	0.0017685777559055117	0.00024606299212598425	0.0	0.03786294291338583	0.0	0.0	0.0006305364173228346	0.0	1.5378937007874016e-05	0.0	0.0	0.0	0.0	0.0	0.0	0.0	0.1049920029527559	0.0	0.0	0.0	0.0	0.0	0.0	0.0	0.0	6.151574803149606e-05	0.0	0.0	0.0	0.0018454724409448819	0.0044598917322834645	0.0	0.004567544291338582	0.1737666092519685	0.0	0.0	1.5378937007874016e-05	0.0	0.0	0.0	0.0	0.0	0.00021530511811023622	0.0	0.0	0.0	1.5378937007874016e-05	0.0	3.075787401574803e-05	0.0	0.00012303149606299212	0.05204232283464567	3.075787401574803e-05	0.0002614419291338583	0.0	0.0	0.002860482283464567	0.010211614173228346	0.0	0.006782111220472441	0.0	0.0	0.0	0.02691313976377953	0.0	0.002245324803149606	0.0	1.5378937007874016e-05	0.0	0.0	0.003921628937007874	0.0	4.6136811023622047e-05	0.0	0.0	0.0	0.02472933070866142	0.011672613188976378	0.0	0.0	0.0	0.0	0.0	0.0
StressDiet_102	0.0	0.00015126958400864398	0.0	0.0	0.0	0.0	0.0	0.0	0.0	0.0	0.00010804970286331713	0.0	0.0	0.0	0.0	0.0001728795245813074	0.0	0.0	0.0	0.0	0.0	0.0002593192868719611	0.0001728795245813074	2.1609940572663425e-05	0.0	4.321988114532685e-05	0.0	0.0	0.0	0.0	0.00021609940572663426	0.0	0.0	0.0	0.0	0.0	0.0	0.0	0.0	0.0	0.0	0.0	0.0004105888708806051	0.0	0.00021609940572663426	2.1609940572663425e-05	0.0	0.00038897893030794163	0.0	0.0	4.321988114532685e-05	0.0	4.321988114532685e-05	0.0	0.0	6.482982171799028e-05	0.0	0.0015126958400864397	0.00010804970286331713	0.0	0.00036736898973527824	0.0006482982171799027	0.004797406807131281	2.1609940572663425e-05	0.0	0.0	8.64397622906537e-05	0.0	6.482982171799028e-05	0.0	0.0	0.0	0.0	0.0	0.0	0.0	0.0	0.0	0.0	0.0006482982171799027	0.9706320907617504	2.1609940572663425e-05	4.321988114532685e-05	0.0	0.0	0.0	0.0	0.0	0.0	0.0	0.00030253916801728796	0.0	2.1609940572663425e-05	0.0	0.0	0.0	0.0	8.64397622906537e-05	0.0	0.0	0.0001728795245813074	0.0	0.0	8.64397622906537e-05	2.1609940572663425e-05	0.0	0.0	0.0	0.0002809292274446245	0.0	0.0	0.00010804970286331713	0.00226904376012966	0.0013614262560777957	0.0	8.64397622906537e-05	0.0	0.0	0.0	0.0	2.1609940572663425e-05	0.0001728795245813074	0.0	0.0	2.1609940572663425e-05	0.0	0.0	0.00015126958400864398	0.0	0.0009940572663425175	0.000713128038897893	0.0008211777417612102	0.0	0.00015126958400864398	0.0	0.0012749864937871421	0.008233387358184765	0.0	0.00012965964343598056	0.0	0.0	0.0	0.0	0.0	2.1609940572663425e-05	0.0	0.000713128038897893	0.0	0.0	0.0	0.0	0.0	0.0	8.64397622906537e-05	2.1609940572663425e-05	0.00015126958400864398	2.1609940572663425e-05	0.0	0.0	4.321988114532685e-05	0.0	8.64397622906537e-05	8.64397622906537e-05
StressDiet_103	0.0	4.011392354286173e-05	0.0	0.0	0.0	0.0	0.0	0.0	0.0	0.0	0.0001604556941714469	0.0	0.00020056961771430863	0.0	0.0	0.00020056961771430863	0.0	0.0	0.0	0.0	0.0	0.0	0.0	4.011392354286173e-05	8.022784708572345e-05	0.0	0.0	4.011392354286173e-05	0.0	0.0	0.0	0.0	8.022784708572345e-05	0.0	0.0	0.0	0.0	0.0	0.0	0.04673272092743391	0.0	0.0	0.00028079746480003207	0.0	4.011392354286173e-05	0.0	0.0	0.0	0.0	0.0	0.0	0.0	0.0	0.0	0.0	0.0	0.0	0.00012034177062858519	0.0	0.0	0.00020056961771430863	0.0	0.0	4.011392354286173e-05	4.011392354286173e-05	0.0	0.0	0.0	0.00012034177062858519	0.0	0.0	0.0	0.0	0.0	0.0	0.0	0.0	4.011392354286173e-05	0.0	0.1253560110714429	0.19058125075213606	0.00012034177062858519	0.6224076376910426	0.00232660756548598	0.0	8.022784708572345e-05	0.0018452404829716394	0.0	4.011392354286173e-05	0.0	0.0001604556941714469	0.0	0.0	0.0	0.0	0.00012034177062858519	0.0	0.0	0.0	0.0	0.0	0.0	0.0	0.0	0.0	0.0	0.0	0.0	8.022784708572345e-05	0.0	0.0	0.00012034177062858519	0.00036102531188575556	0.00232660756548598	0.0	0.0	0.0	0.0	0.0	0.0	0.0	0.0006017088531429259	4.011392354286173e-05	0.0	8.022784708572345e-05	0.0	4.011392354286173e-05	0.0	4.011392354286173e-05	0.00048136708251434075	0.00020056961771430863	0.00024068354125717038	0.0	0.0009627341650286815	0.0	0.002487063259657427	0.0	0.0	0.0	0.0	0.0	0.0	0.0	0.0	0.0	0.0	4.011392354286173e-05	0.0	0.0	0.0	0.0	0.0	0.0	0.0	0.0	8.022784708572345e-05	0.00012034177062858519	0.0	0.0	0.0	0.0	0.00020056961771430863	0.0
StressDiet_104	0.0	4.52755014261783e-05	0.0003169285099832481	0.0	0.0	0.0	0.0	0.0	0.0	0.0	6.791325213926744e-05	0.0	0.0	0.0	0.0	0.03216824376329968	0.0	0.0	2.263775071308915e-05	0.0	0.0003395662606963372	9.05510028523566e-05	0.0	0.0	0.0	0.0	0.0	9.05510028523566e-05	0.0	0.0005433060171141396	0.0	0.0	0.007402544483180151	0.0	0.0	0.0	4.52755014261783e-05	4.52755014261783e-05	0.0	2.263775071308915e-05	0.0	0.0	0.009643681803775978	0.0	0.0012903517906460815	0.0	4.52755014261783e-05	2.263775071308915e-05	0.0	2.263775071308915e-05	6.791325213926744e-05	0.0	0.015801149997736224	0.00020373975641780232	2.263775071308915e-05	0.0011771630370806356	0.0001811020057047132	0.010481278580160276	4.52755014261783e-05	0.0	0.0	0.0010186987820890116	0.004618101145470186	0.0	0.0	0.00020373975641780232	2.263775071308915e-05	0.0	0.0	0.0008375967763842985	0.0	0.0	0.0	0.0	0.0	0.0	0.0	0.0	0.0	0.0019468465613256666	0.8294924616290126	0.0	0.0001358265042785349	0.0	0.0	0.0	0.0	2.263775071308915e-05	0.0	0.0004980305156879612	9.05510028523566e-05	0.0	0.004074795128356046	0.0	6.791325213926744e-05	0.0	0.0	0.0	0.0	0.0	9.05510028523566e-05	0.0	0.0	0.0	0.0	0.0	0.0	2.263775071308915e-05	0.021935980440983383	0.0009734232806628333	0.0	0.005546248924706841	0.031715488749037894	0.0002490152578439806	0.0	2.263775071308915e-05	0.0	0.0	0.0	0.0	4.52755014261783e-05	0.0	2.263775071308915e-05	0.0	0.0	0.0	2.263775071308915e-05	0.0	2.263775071308915e-05	0.0056367999275591975	0.0	0.0008375967763842985	0.0	4.52755014261783e-05	0.0	0.005478335672567574	0.0	0.0002490152578439806	0.0	0.0	0.0	0.0	0.0001811020057047132	0.0	0.0	0.0011092497849413683	0.0001811020057047132	0.0	2.263775071308915e-05	0.0	0.0	0.0	9.05510028523566e-05	2.263775071308915e-05	0.0	0.0	0.0	0.0008149590256712093	0.0	9.05510028523566e-05	0.0	0.0013356272920722596	0.0
StressDiet_106	0.0006408389163996504	5.825808330905913e-05	0.00932129332944946	5.825808330905913e-05	0.0	0.0	0.0	0.0	5.825808330905913e-05	0.0	0.00011651616661811826	0.0	0.0	0.0	0.0	0.045790853480920476	0.0	0.0	0.0	0.0	0.0	0.0001747742499271774	0.0	0.0	5.825808330905913e-05	0.0008156131663268278	0.0	0.0	0.0	0.0	0.0	0.0	0.00739877658025051	0.0006408389163996504	0.0	0.0	5.825808330905913e-05	0.0	0.0	0.0	0.0	0.0	0.010836003495484999	0.0	0.011302068161957472	0.0	0.0	0.0	0.0006408389163996504	0.0	0.015846198660064086	0.0	0.004252840081561317	0.0	0.0	0.0	0.0	0.04258665889892223	0.0	0.0	0.0016312263326536556	0.00029129041654529564	0.0016894844159627148	5.825808330905913e-05	0.0	0.0	0.0	0.0	0.002330323332362365	0.0	0.0	0.002213807165744247	0.0	0.0	0.0	0.0	5.825808330905913e-05	0.0	0.0	0.005709292164287795	0.5872997378386251	5.825808330905913e-05	5.825808330905913e-05	0.00011651616661811826	0.0	0.00029129041654529564	0.0	0.00029129041654529564	5.825808330905913e-05	0.0	0.0	0.0	0.002213807165744247	0.0	0.0004078065831634139	0.0011651616661811825	0.0	0.0	0.0	0.0	0.0006408389163996504	0.0	0.0	0.0	0.0	0.0	0.0	0.0	0.02143897465773376	0.0	0.0	0.0009321293329449461	0.13993591610836004	0.0015147101660355374	0.0	5.825808330905913e-05	0.0	0.0	0.0	0.0	0.0	0.0012816778327993008	0.0	0.0	0.0	0.0	0.0	0.0	0.0	0.03705214098456161	0.0016312263326536556	0.0	0.007631808913486747	0.0	0.0	0.01730265074279056	0.0	0.0005243227497815321	0.0005243227497815321	0.0	0.0	0.0	0.00023303233323623653	0.0	0.0	0.0	0.00023303233323623653	0.0	0.00011651616661811826	0.0	0.0	0.00023303233323623653	0.0	0.0014564520827264782	0.0	0.00203903291581707	0.0001747742499271774	0.0	0.0	5.825808330905913e-05	0.0	0.008330905913195456	5.825808330905913e-05
StressDiet_107	0.0	0.00023137436372049977	3.856239395341663e-05	0.0	0.0	0.0	0.0	0.0	0.0	0.0	0.0	0.0	0.0	0.0	0.0	3.856239395341663e-05	0.0	0.0	0.0	0.0	0.0	0.051018047200370197	0.0	0.0	0.0	0.0	0.0	0.0	0.0	0.0	0.0	0.0	0.0	0.0	0.0	0.0	0.0	0.0	0.0	3.856239395341663e-05	0.0	0.0	3.856239395341663e-05	0.0	0.0	0.0	0.0	0.0	0.0	0.0	0.0	0.0	0.0	0.0	0.0	0.04735461977479562	0.0	0.00015424957581366652	0.0	0.0	0.0	0.007095480487428659	0.8881690575350918	0.0	0.0	0.0	0.0	0.0	3.856239395341663e-05	0.0	0.0	0.0	0.0	0.0	0.0	0.0	0.0	0.0	0.0	3.856239395341663e-05	0.0008869350609285824	3.856239395341663e-05	3.856239395341663e-05	0.0	0.0	0.0	0.0	0.0	0.0	0.0	0.0	0.0	0.0	0.0	0.0	0.0	0.0	0.0	0.0	0.0	0.0	0.0	0.0	0.0	0.0	0.0	0.0	0.0	0.0	3.856239395341663e-05	0.0	0.0	0.00046274872744099955	0.00011568718186024989	0.0	0.0	0.0	0.0	0.0	0.0	0.0	0.0	0.0	0.0	0.0	0.0	0.0	0.0	0.0	0.0	3.856239395341663e-05	0.0007712478790683325	0.0	0.0	0.0	0.00011568718186024989	0.0	0.0	0.0	0.0	0.0	0.0	0.0	0.0	0.0031621163041801637	0.0	0.0	0.0	0.0	3.856239395341663e-05	0.0	0.0	0.0	0.0	0.0	3.856239395341663e-05	0.0	0.0	0.0	0.0	0.0	0.0	0.0
StressDiet_108	0.0	0.0	0.0	0.0	0.0	0.001172882946281961	0.0	0.0	0.0	0.0	0.0	0.0	0.0	0.0	0.0	6.702188264468349e-05	0.0	0.0	0.0	0.0	0.0	0.023089038571093463	0.0	0.0	0.0	0.00010053282396702523	0.0	0.0	0.0	0.0	0.0	0.0003015984719010757	0.0	0.0	0.0	0.0	0.0	0.0	0.0	0.0	0.0	0.0	0.0	0.0	0.0056968600247980965	0.0	0.0	0.0	0.0	0.0	0.0025803424818203143	0.0	0.0	0.0	0.0	0.07446131161824336	0.0	0.0	0.0	0.0	0.0	0.008746355685131196	0.10127006467611675	0.0	0.0	0.0	0.0	0.0	0.0	0.0	0.0	0.0	0.0	0.0	0.0	0.0	0.0	0.0	0.0	0.02302201668844878	0.00043564223719044266	0.0	0.20716463925471668	6.702188264468349e-05	0.0	0.0	0.0	3.3510941322341746e-05	0.0	0.0	0.0	0.0	0.0	0.0005026641198351262	0.0	0.0	0.0	0.0	0.0	0.0	0.0	0.0	0.0	0.0	0.013337354646292014	0.0	0.0	0.0	0.0	0.0	0.0	0.0	0.16169029188029893	0.0	0.0	0.0	0.0	0.0	0.0	0.0	0.0	0.0	0.0	0.0	0.0	0.0	0.0	0.29399148822090415	0.0	6.702188264468349e-05	0.00010053282396702523	0.0	0.0	0.0	0.0	0.014476726651251633	0.00673569920579069	0.0	0.0	0.0	0.0	0.0	0.0	0.0	0.003116517542977782	0.0	6.702188264468349e-05	0.017057069133071947	0.0	0.00013404376528936698	0.0	0.0	0.0	0.0006031969438021514	0.0	0.0	0.0	0.0	0.0	0.0	0.0	0.0	0.03991153111490902
StressDiet_109	0.0	3.453634950785702e-05	0.00031082714557071316	0.0	0.0	0.0	0.0	0.0	0.0	0.0	0.0	0.0	0.0	0.0	0.0	0.0022448627180107063	0.0	0.0	0.0	0.0	0.0	0.0	0.0	0.0	0.0	3.453634950785702e-05	0.0	0.0	0.0	3.453634950785702e-05	0.0	0.0	0.0003798998445864272	0.0	0.0	0.0	0.0	0.0	0.0	0.05418753237782766	0.0	0.0	0.0006561906406492834	0.0	0.00044897254360214123	0.0	0.0	0.0	0.0	0.0	3.453634950785702e-05	0.0	0.0	0.0	0.0	0.0	0.0	0.00821965118286997	0.0	0.0	0.0005525815921257123	0.00013814539803142807	0.0011396995337592817	0.0011396995337592817	0.0	0.0	0.0	3.453634950785702e-05	0.001554135727853566	0.0	0.0	0.0	0.0	0.0	0.0	0.0	0.0	0.0	0.0	0.010015541357278536	0.8991538594370575	0.0	0.00013814539803142807	0.0	0.0	0.0002072180970471421	0.0014505266793299948	0.0	0.0	3.453634950785702e-05	0.0	0.0	0.00031082714557071316	0.0	0.0	0.0028665170091521325	0.0	0.0	0.0	0.0	0.0	0.0	0.0	0.0	0.0	0.0	0.0	0.0	0.001864962873424279	3.453634950785702e-05	0.0	0.0006216542911414263	0.0012433085822828526	6.907269901571404e-05	6.907269901571404e-05	3.453634950785702e-05	0.0	0.0	0.0	0.0	0.0	0.002106717319979278	0.0	3.453634950785702e-05	0.0	6.907269901571404e-05	0.0	0.0	0.0	0.0009324814367121395	0.002141253669487135	3.453634950785702e-05	0.0	0.0	0.0	0.004420652737005698	0.0	0.00027629079606285615	0.00013814539803142807	0.0	0.0	0.0	3.453634950785702e-05	0.0	0.0	0.0	3.453634950785702e-05	0.0	0.0	0.0	0.0	0.00010360904852357106	0.0	3.453634950785702e-05	6.907269901571404e-05	3.453634950785702e-05	3.453634950785702e-05	0.0	0.0	0.0	0.0	0.00024175444655499914	0.0
StressDiet_11	0.0	0.0	1.61814916098966e-05	0.0	0.0	0.0	0.0	0.0	0.0	0.0	3.23629832197932e-05	0.0	0.0	0.0	0.0	4.85444748296898e-05	0.0	0.0	0.0	0.0	0.0	1.61814916098966e-05	0.0	0.0	0.0	0.0001779964077088626	0.0	1.61814916098966e-05	0.0	0.0	0.0	0.0	4.85444748296898e-05	0.0	0.0	0.0	0.0	0.0	0.0	0.0	0.0	0.0	3.23629832197932e-05	0.0	4.85444748296898e-05	0.0	0.0	0.0	0.0	0.0	3.23629832197932e-05	0.0	0.0	0.0	0.0	0.0	0.0	0.0001132704412692762	0.0	0.0	0.0	0.0	1.61814916098966e-05	0.0	0.0	0.0	0.0	0.0	0.0	0.0	0.0	0.0	0.0	0.0	1.61814916098966e-05	0.0	0.0	0.0	0.0	0.0714089224744737	0.1905047007233127	0.736613861065713	1.61814916098966e-05	0.0	0.0	0.0	0.0	0.0	0.0	0.0	0.0	0.0	0.0	0.0	0.0	0.0	0.0	1.61814916098966e-05	0.0	0.0	1.61814916098966e-05	0.0	0.0	0.0	0.0	0.0	0.0	0.0	8.0907458049483e-05	0.0	0.0	0.0	3.23629832197932e-05	0.0	0.0	1.61814916098966e-05	0.0	0.0	0.0	0.0	0.0	0.0	0.0	0.0	0.0	0.0	0.0	0.0	0.0	0.0002912668489781388	4.85444748296898e-05	0.0	0.0	0.0	0.0	4.85444748296898e-05	0.0	0.0	0.0	0.0	0.0	0.0	0.0	0.0	0.0	0.0	0.0	0.0	0.0	6.47259664395864e-05	0.0	0.0	0.0	0.0	0.0	0.0001779964077088626	0.0	0.0	0.0	0.0	0.0	4.85444748296898e-05	0.0
StressDiet_110	0.0	0.00011194447554013209	0.00027986118885033024	0.0	0.0	0.0	0.0	0.0	0.0	5.5972237770066045e-05	0.0	0.0	0.0	0.0	0.0008955558043210567	0.016399865666629352	0.0	0.0	0.0	0.0	0.0	0.0007276390910108587	0.0	0.0	0.00022388895108026418	5.5972237770066045e-05	0.0	0.0	0.0	0.00016791671331019815	0.0	0.0	0.004197917832754953	0.0	0.0	0.0	0.0	0.0	0.0	0.0003358334266203963	0.0	0.0	0.009683197134221427	0.0	0.03559834322176201	0.0	0.0	0.00011194447554013209	0.0	0.0	5.5972237770066045e-05	0.0	0.003806112168364491	0.0	0.0	0.00011194447554013209	0.0	0.0359341766483824	0.0	5.5972237770066045e-05	5.5972237770066045e-05	5.5972237770066045e-05	0.00044777790216052836	0.0	0.0	0.0	0.0	0.0	0.00016791671331019815	0.0	0.0	0.0	0.0	0.0	0.0007836113287809246	0.0	0.0	5.5972237770066045e-05	0.0	0.0151684764356879	0.00212694503526251	0.21689242135900594	0.001231389230941453	0.00016791671331019815	0.0	0.00016791671331019815	0.0	5.5972237770066045e-05	0.0	0.00027986118885033024	0.0	0.0	0.001063472517631255	0.0	0.00016791671331019815	5.5972237770066045e-05	0.0	0.00016791671331019815	0.0	0.0	0.0	0.0	0.0	0.0	0.0	0.0	0.0	0.0	0.01925444979290272	0.001231389230941453	0.0	0.0062129183924773315	0.11037725288257025	0.00044777790216052836	0.00011194447554013209	0.0	0.0	0.0	0.0	0.0	0.0	0.00044777790216052836	5.5972237770066045e-05	0.0	0.0	0.0	0.00011194447554013209	0.00027986118885033024	0.0	0.004309862308295086	0.42393372887048025	0.00027986118885033024	0.0006716668532407926	0.0	0.0	0.04052390014552782	0.0	0.00011194447554013209	0.00027986118885033024	0.0	0.0	0.0032463897906638305	5.5972237770066045e-05	0.0	0.0	0.0	0.0	0.0	0.0	0.0	0.0	0.0	0.0	0.037837232732564646	0.0	0.0	5.5972237770066045e-05	0.0	0.001119444755401321	0.0010075002798611888	0.0	0.00011194447554013209	0.0
StressDiet_111	0.0	0.0	9.862905611993293e-05	0.0	0.0	0.0	0.0	0.0	0.0	0.0	4.931452805996646e-05	0.0	0.0008876615050793964	0.0	0.0	4.931452805996646e-05	0.0	0.0	0.0	0.0	0.0	0.0	0.0	0.0	0.0	0.0	0.0	0.0	0.0	0.0	0.0	0.0	0.0	0.0	0.0	0.0	0.0	0.0	0.0	0.0	0.0	0.0	0.00024657264029983233	0.0	0.0001479435841798994	0.0	0.0	0.0	0.0	0.0	0.0	0.0	0.0	0.0	0.0	0.0	0.0	0.0005424598086596311	4.931452805996646e-05	0.0	0.00019725811223986585	0.0	0.0	0.0	0.0	0.0	0.0	0.0	0.0	0.0	0.0	0.0	0.0	0.0	0.0	0.0	0.00019725811223986585	0.0	0.0	0.004832823749876714	0.0006904033928395306	0.0	0.977857776901075	0.005128710918236513	0.0	0.0	0.0	0.0	0.0	0.0	4.931452805996646e-05	0.0	0.0	0.0	0.0	0.0	0.0	0.0	0.0	0.0	0.0	0.0	0.0	0.0	0.0	0.0	0.0	0.0	4.931452805996646e-05	9.862905611993293e-05	0.0	0.0	0.0029095571555380214	0.0009369760331393628	0.0	0.0	0.0	0.0	0.0	0.0	0.0	0.0	0.0	0.0	0.0001479435841798994	0.0	0.0	0.0	0.0	9.862905611993293e-05	9.862905611993293e-05	9.862905611993293e-05	9.862905611993293e-05	0.0037972186606174177	0.0	0.0003452016964197653	0.0	0.0	4.931452805996646e-05	0.0	0.0	0.0	0.0	0.0	0.0	0.0	0.0001479435841798994	0.0	0.0	0.0	0.0	0.0	0.0	9.862905611993293e-05	0.0	0.0	0.0	0.0	0.0	0.0	0.0	0.0	0.0
StressDiet_112	0.0	0.0	0.0	0.0	0.0	0.0	0.0	0.0	0.0	0.0	0.00022612010207707464	0.0	0.0	0.0	0.0	0.000678360306231224	0.0	0.0	0.0	0.0	0.0	0.0	0.0	0.0	0.0	0.0	0.0	0.0	6.460574345059276e-05	0.0	0.0	0.0	6.460574345059276e-05	0.0	0.0	0.0	0.0	0.0	0.0	0.0	0.0	0.0	6.460574345059276e-05	0.0	0.0	0.0	0.0	0.0	0.0	0.0	3.230287172529638e-05	0.0	0.0002907258455276674	0.0	0.0	0.0	0.0	0.00019381723035177828	6.460574345059276e-05	0.0	0.0	0.004070161837387344	0.03979713796556514	0.0	0.0	0.0	3.230287172529638e-05	0.0	0.00022612010207707464	0.0	0.0	0.0	0.0	0.0	0.0	0.0	0.0	0.0	0.0	0.05546403075233388	0.7551765351939788	0.0001615143586264819	0.07875440126627258	0.014374777917756888	0.0	0.0	0.002455018251122525	0.0	0.0	3.230287172529638e-05	0.00022612010207707464	0.0	0.0	0.0	0.0	0.0	0.0	0.0	0.0	0.0	0.0	0.0	0.0	0.0	0.0	0.0	0.0	0.0	0.00019381723035177828	6.460574345059276e-05	0.00012921148690118553	0.00012921148690118553	0.0003230287172529638	0.0008398746648577059	0.0	0.0	0.0	3.230287172529638e-05	0.0	0.0	0.0	6.460574345059276e-05	0.0	0.0	0.0	0.0	0.0	0.0	6.460574345059276e-05	0.000678360306231224	0.0	0.00019381723035177828	0.0	0.0	0.0	0.003811738863584973	0.040507801143521656	3.230287172529638e-05	0.0	0.0	0.0	3.230287172529638e-05	0.0	0.0	6.460574345059276e-05	0.0	0.00022612010207707464	0.0	0.0	3.230287172529638e-05	0.0	0.0	0.0	0.0	0.0	0.0	0.0	0.0	0.0	0.0	0.0	0.00012921148690118553	0.0
StressDiet_113	0.0	0.0	0.0	0.0	0.0	0.0	0.0	0.0	0.0	0.0	0.0	0.0	0.0	0.0	0.0	0.0	0.0	0.0	0.0	0.0	0.0	0.0	0.0	0.0	0.0002208968411751712	0.0	0.0	0.0	0.0	0.0	0.0	0.0	0.0	0.0	0.0	0.0	0.0002208968411751712	0.0	0.0	0.0	0.0	0.0	0.0	0.0	0.0	0.0	0.0	0.0	0.0	0.0	0.0002208968411751712	0.0	0.0	0.0	0.0	0.0	0.0	0.0	0.0	0.0	0.0	0.0	0.0	0.0	0.0	0.0	0.0	0.0	0.0	0.0	0.0	0.0	0.0	0.0	0.0	0.0	0.0	0.0	0.0	0.0	0.0012149326264634416	0.0	0.99679699580296	0.0001104484205875856	0.0	0.0	0.0	0.0	0.0	0.0	0.0	0.0	0.0	0.0	0.0	0.0	0.0	0.0	0.0	0.0	0.0	0.0	0.0	0.0	0.0	0.0	0.0	0.0	0.0002208968411751712	0.0	0.0	0.0	0.0001104484205875856	0.0	0.0	0.0	0.0	0.0	0.0	0.0	0.0	0.0	0.0	0.0	0.0	0.0	0.0	0.0	0.0	0.0	0.0001104484205875856	0.0	0.0	0.0	0.0	0.0006626905235255136	0.0	0.0	0.0	0.0	0.0	0.0	0.0	0.0	0.0	0.0	0.0001104484205875856	0.0	0.0	0.0	0.0	0.0	0.0	0.0	0.0	0.0	0.0	0.0	0.0	0.0	0.0	0.0	0.0
StressDiet_114	0.0	0.00019483049746720353	0.0	0.0	6.49434991557345e-05	0.0	0.0	0.0	0.0	0.0	0.00019483049746720353	0.0	0.0	0.0	0.0	0.000129886998311469	0.0	0.0	0.0	0.0	0.0	0.000259773996622938	0.0	0.0	0.00032471749577867254	0.0007793219898688141	0.0	0.0	0.0	0.0	0.0	0.0	0.0007793219898688141	0.0	0.0	0.0	0.0	0.0	0.0	0.0	0.0	0.0	0.03253669307702299	0.0	0.001039095986491752	0.0	0.0	6.49434991557345e-05	0.000129886998311469	0.0	0.0	0.0	0.0	0.0	0.0	0.0025977399662293803	0.0	0.0006494349915573451	0.0	0.0	6.49434991557345e-05	0.0	6.49434991557345e-05	0.0	0.0	0.0	0.000129886998311469	0.0	6.49434991557345e-05	0.0	0.0	0.0	0.0	0.0	0.0	0.0	0.0	0.0	0.0	0.004416157942589947	0.0006494349915573451	0.00019483049746720353	0.00038966099493440706	0.9246655409793479	0.0	0.0	0.0	0.0	0.0	0.0	0.00038966099493440706	0.0	0.0	0.0	0.0	0.0	0.0	0.0	0.0	0.0	0.0	0.0	0.0	0.00019483049746720353	0.0	0.0	0.0	0.0	0.00019483049746720353	0.0	0.0	0.0	0.02000259773996623	0.0004546044940901416	0.0	0.0	0.0	0.0	0.0	0.0	0.0	0.0	0.0	6.49434991557345e-05	0.0	0.0	0.0	0.0	0.0	0.0009092089881802832	0.0005844914924016106	0.0042862709442784775	0.000129886998311469	0.0	0.0	0.0011689829848032212	0.0	0.0	6.49434991557345e-05	0.0	0.0	0.0	0.0	0.0	0.0	0.0	0.000519547993245876	0.0	0.0	0.0	0.0	0.0	0.0	0.00032471749577867254	0.0	6.49434991557345e-05	0.0	0.0	0.0	0.0	0.0	0.000259773996622938	0.0
StressDiet_115	0.0	0.0	0.0	0.0	0.0	0.0	0.0	0.0	0.0	0.0	0.00011138751717224223	3.712917239074741e-05	0.0	0.0	0.0	0.0017822002747558757	0.0	0.0	0.0	0.0	0.0	0.0	0.0	3.712917239074741e-05	0.0	0.0	0.0	3.712917239074741e-05	0.0	3.712917239074741e-05	0.0	0.0	0.0007797126202056956	0.0	0.0	0.0	0.0	0.00011138751717224223	0.0	0.0	0.0	0.0	0.0009282293097686852	0.0	0.0003341625515167267	3.712917239074741e-05	0.0	0.0	0.0	0.0	0.0	0.0	0.0002599042067352319	0.0	0.0	0.0	0.0	0.0012252626888946646	0.0	0.0	0.0	0.0	0.0004455500686889689	0.0	0.0	0.0	0.0	0.0	7.425834478149482e-05	0.0	0.0	0.0	0.0	0.0	3.712917239074741e-05	0.0	0.0	0.0	0.0	0.14123937177440316	0.3837671258307652	0.00014851668956298965	0.45245609475364795	0.0	0.0	0.0	3.712917239074741e-05	0.0	0.0	0.0	0.00018564586195373705	3.712917239074741e-05	7.425834478149482e-05	0.0	0.0	0.0	0.0	0.0	0.0	0.0	0.0	0.0	0.0	0.0	0.0	0.0	0.0	7.425834478149482e-05	0.0007054542754242008	0.0	0.0	0.0005940667582519586	0.0023762670330078344	3.712917239074741e-05	0.0	0.0	0.0	0.0	0.0	0.0	0.0	0.0	0.0	0.0	3.712917239074741e-05	0.0	0.0	0.0	0.0	0.001262391861285412	0.0	0.0	3.712917239074741e-05	0.0	0.0	0.0012995210336761594	0.008428322132699662	0.0	0.0	0.0	0.0	0.0	0.0	0.0	0.0	0.00014851668956298965	0.0005198084134704638	0.0	0.0	0.0	0.0	0.0	0.0	0.00011138751717224223	0.0	0.0	0.0	0.0	0.0	0.0	0.0	0.00014851668956298965	0.0
StressDiet_116	0.0	0.0	7.104290991759022e-05	0.0	0.0	0.0	0.0	0.0	0.0	0.0	3.552145495879511e-05	0.0	0.00042625745950554135	0.0	0.0	0.0	0.0	0.0	0.0	0.0	0.0	0.0	0.0	7.104290991759022e-05	3.552145495879511e-05	0.0	0.0	0.0	0.0	0.0	3.552145495879511e-05	0.0	0.00031969309462915604	0.0	0.0	0.0	0.0	0.0	0.0	0.01918158567774936	0.0	0.0	0.0007104290991759022	0.0	0.0	7.104290991759022e-05	0.0	0.0	0.0	0.0	0.0006393861892583121	0.0	3.552145495879511e-05	0.0	0.0	0.0	0.0	0.0003552145495879511	0.0	0.0	0.0004617789144643365	0.0	0.0	0.0	0.0	0.0	3.552145495879511e-05	0.0	7.104290991759022e-05	0.0	0.0	0.0	0.0	0.0	0.0	0.0003552145495879511	0.0	0.0	0.0	0.00479539641943734	0.00021312872975277067	0.003800795680591077	0.9597186700767263	3.552145495879511e-05	0.0	0.0	0.000923557828928673	0.0	0.0	0.0	0.0002841716396703609	0.0	0.0	0.0	0.0	7.104290991759022e-05	0.0	0.0	0.0	0.0	0.0	0.0	0.0	3.552145495879511e-05	0.0	0.0	0.0	0.0	0.0002841716396703609	0.0	0.0	0.0	0.0013853367433930093	0.0013498152884342143	0.0	3.552145495879511e-05	0.0	0.0	0.0	0.0	0.0	0.00039073600454674626	0.0	0.0	0.0	0.0	0.0	0.0	0.0	0.0006393861892583121	7.104290991759022e-05	0.0	0.0	0.0011011651037226484	0.0	0.0012077294685990338	0.0	0.0	7.104290991759022e-05	0.0	0.0	0.0	0.0	0.0	0.0	0.0	0.00039073600454674626	0.0	0.0	3.552145495879511e-05	0.0	7.104290991759022e-05	0.0	0.0	0.0	3.552145495879511e-05	7.104290991759022e-05	0.0	0.0	0.0	0.0	7.104290991759022e-05	0.0
StressDiet_117	0.0	0.0	0.0	0.0	3.592857399489814e-05	0.0	0.0	0.0	3.592857399489814e-05	0.0	0.0	0.0	0.00046707146193367583	0.0	0.0	0.001006000071857148	0.0	0.0	0.0	7.185714798979628e-05	3.592857399489814e-05	0.0	7.185714798979628e-05	0.0	3.592857399489814e-05	0.0	0.0	0.0	0.0	0.0	0.0	0.0	0.0004311428879387777	3.592857399489814e-05	0.0	0.0	0.0	0.0	0.0	3.592857399489814e-05	3.592857399489814e-05	0.0	0.0002874285919591851	0.0	0.000503000035928574	0.0	0.0	0.0	0.0	0.0	0.0	0.0	0.00010778572198469443	3.592857399489814e-05	3.592857399489814e-05	0.00010778572198469443	0.0	0.0019042144217296015	3.592857399489814e-05	0.0	0.0	0.00014371429597959256	0.000754500053892861	0.00010778572198469443	0.0	0.0	7.185714798979628e-05	0.0	7.185714798979628e-05	0.0	0.0	0.0	0.0	0.0	0.0	0.0	0.0	0.0	0.0	0.0006107857579132685	0.0006826429059030647	0.0	0.9819638558545611	7.185714798979628e-05	0.0	0.0	0.0	0.0	0.0	0.0	0.0	0.0	0.00014371429597959256	0.0	0.0	3.592857399489814e-05	0.0	0.0	0.0	0.0	3.592857399489814e-05	0.0	3.592857399489814e-05	0.0	0.0	0.0	0.0	0.0	0.0002874285919591851	3.592857399489814e-05	0.0	0.00021557144396938885	0.0031257859375561385	0.001221571515826537	0.0	3.592857399489814e-05	0.0	0.0	0.0	0.0	0.0	0.0003592857399489814	0.0	0.0	0.0	0.0	0.0	0.0007904286278877592	0.0	0.0008263572018826573	0.00014371429597959256	0.00021557144396938885	3.592857399489814e-05	0.0009700714978622499	0.0	0.0008263572018826573	0.0	0.0	0.0	0.0	0.0	3.592857399489814e-05	0.0	0.0	0.0	0.0	0.000251500017964287	3.592857399489814e-05	0.0	0.0	0.0	0.0	0.0	7.185714798979628e-05	0.0	0.00014371429597959256	7.185714798979628e-05	0.0	0.0	0.0	0.0	7.185714798979628e-05	0.0001796428699744907
StressDiet_118	0.0	0.00020933640360058616	0.0003140046054008792	0.0	0.0	0.00020933640360058616	0.0	0.0	0.0	0.00020933640360058616	0.00010466820180029308	0.0	0.0	0.0	0.0	0.00136068662340381	0.0	0.00010466820180029308	0.0	0.0	0.0	0.0	0.0	0.0	0.0011513502198032238	0.0	0.0	0.00010466820180029308	0.0	0.0	0.0	0.0	0.0025120368432070338	0.0	0.0	0.0	0.0	0.0	0.0	0.0	0.0	0.0	0.0008373456144023446	0.0	0.0009420138162026376	0.0	0.0	0.0	0.0005233410090014653	0.0	0.0005233410090014653	0.0	0.0	0.0	0.00010466820180029308	0.0	0.0	0.005966087502616705	0.00020933640360058616	0.00010466820180029308	0.0	0.0	0.00010466820180029308	0.00020933640360058616	0.0	0.0	0.00010466820180029308	0.0	0.00010466820180029308	0.0	0.0	0.0	0.0	0.0	0.0	0.0	0.0	0.0	0.00010466820180029308	0.0021980322378061545	0.9162654385597655	0.0	0.0008373456144023446	0.0	0.0	0.0	0.005652082897215826	0.0	0.0	0.0	0.0005233410090014653	0.0	0.0	0.0	0.0	0.0	0.0	0.00010466820180029308	0.0	0.0	0.0	0.0	0.0	0.0	0.0	0.0	0.0	0.0	0.0010466820180029307	0.0	0.0	0.0	0.04741469541553276	0.0	0.0	0.00010466820180029308	0.0	0.0	0.0	0.0	0.0	0.0	0.0	0.0	0.0	0.0	0.0	0.0	0.0	0.003035377852208499	0.0023027004396064476	0.0	0.00010466820180029308	0.0	0.0	0.0008373456144023446	0.0	0.0	0.0008373456144023446	0.0	0.0	0.0	0.0	0.0	0.0	0.0	0.001465354825204103	0.0	0.0	0.0	0.0	0.0	0.0	0.0006280092108017584	0.00010466820180029308	0.0	0.0	0.0	0.0	0.0	0.0	0.0004186728072011723	0.0
StressDiet_119	0.0	0.00012499218798825074	6.249609399412537e-05	0.0	0.0	0.0	0.0	0.0	0.00012499218798825074	0.0	0.0003749765639647522	0.0	0.0	0.0	0.0	0.0004374726579588776	0.0	0.0	0.0	0.0	0.0	0.0	0.0003749765639647522	0.0	0.0007499531279295044	0.0	0.0	6.249609399412537e-05	0.0	0.00012499218798825074	0.00012499218798825074	0.0	6.249609399412537e-05	0.0	0.0	0.0	0.0	0.0	0.0	6.249609399412537e-05	0.0	0.0	0.0006249609399412537	0.0	6.249609399412537e-05	0.0	6.249609399412537e-05	0.0001874882819823761	0.0	0.0	0.0002499843759765015	0.0	0.0	0.0	0.00012499218798825074	0.00031248046997062683	0.0	0.0005624648459471283	6.249609399412537e-05	0.0	0.0	0.00031248046997062683	0.000999937503906006	0.0	0.0	0.0	6.249609399412537e-05	0.0	0.00012499218798825074	0.0	0.0	0.0	0.0	0.0	0.0	0.0	0.0002499843759765015	0.0	0.0	0.08124492219236298	0.09011936753952877	0.0	0.7723892256733954	0.0	0.0	6.249609399412537e-05	0.0	0.0	6.249609399412537e-05	0.0	0.00012499218798825074	0.0	0.0	0.0	0.0	0.00012499218798825074	0.0	6.249609399412537e-05	6.249609399412537e-05	0.0	0.0	0.0	0.0	0.0001874882819823761	0.0	0.0	0.0	0.0	0.00012499218798825074	0.0	0.0	0.0	0.0018123867258296356	0.00031248046997062683	0.0	0.0	0.0	0.0	0.0	6.249609399412537e-05	6.249609399412537e-05	0.0	6.249609399412537e-05	0.00012499218798825074	0.0	0.0	0.0	0.0009374414099118805	6.249609399412537e-05	0.00031248046997062683	6.249609399412537e-05	6.249609399412537e-05	0.0	6.249609399412537e-05	0.0	0.0012499218798825073	0.042997312667958254	0.0	6.249609399412537e-05	0.0	0.0	6.249609399412537e-05	0.0	0.0	0.0	0.0	6.249609399412537e-05	0.00012499218798825074	0.0	0.0	0.0	0.0	0.0	0.0	0.0	0.0001874882819823761	0.0	0.0	0.0	0.0	0.0	6.249609399412537e-05	0.0
StressDiet_12	0.0	5.075970356333119e-05	0.0	0.0	0.0	0.0	0.0	0.0	0.0	0.0	0.0	0.0	0.0	0.0	0.0	0.0004737572332577578	0.0	0.0	0.0	0.0	0.0	0.0	0.0	0.0	0.0	1.6919901187777064e-05	0.0	0.0	0.0002199587154411018	0.00033839802375554127	0.0	0.0	0.0001353592095022165	0.0	0.0	0.0	0.0	0.0	0.0	0.0	0.0	0.0	0.002182667253223241	0.0	3.383980237555413e-05	0.0	0.0	0.0	0.0	0.0	0.0006091164427599742	0.0	0.0	0.0	3.383980237555413e-05	0.0	0.0	0.00035531792494331835	0.0	0.0	8.459950593888532e-05	0.0	1.6919901187777064e-05	0.0	0.0	0.0	0.0	0.0	0.0	0.0	0.0	0.0	0.0	0.0	0.0	0.0003045582213799871	5.075970356333119e-05	0.0	0.0	0.0001353592095022165	0.9918953673310548	0.0	5.075970356333119e-05	0.0	0.0	0.0	0.0	5.075970356333119e-05	0.000541436838008866	0.0	0.0	0.0	0.0	0.0	0.0	0.0	0.0	0.0	0.0	0.0	0.0	0.0	0.0	1.6919901187777064e-05	0.0	0.0	0.0	0.0	0.0001353592095022165	5.075970356333119e-05	0.0	0.0	0.0005075970356333119	0.00011843930831443944	0.0	0.0	0.0	0.0	0.0	0.0	0.0	0.0	0.0	0.0	0.0	0.0	0.0	0.0	5.075970356333119e-05	0.0008967547629521843	0.0	0.0001353592095022165	0.0	0.0	0.0	0.00010151940712666238	0.0	1.6919901187777064e-05	5.075970356333119e-05	0.0	0.0	0.0	0.0	0.0	0.0	0.0	1.6919901187777064e-05	0.0	1.6919901187777064e-05	0.00020303881425332476	0.0	0.0	0.0	0.0	0.0	0.0	0.0	0.0	0.0	0.0	0.0	0.00010151940712666238	0.0
StressDiet_120	0.0	4.714534911131017e-05	4.714534911131017e-05	0.0	0.0	0.0	0.0	0.0	0.0	0.0	0.0	0.0	0.0	0.0	0.0	0.0	0.0	0.0	0.0	0.0	0.0	0.0	0.0	0.0	0.0	0.0	0.0	0.0	0.0	0.0	0.0	0.0	0.0	0.0	0.0	0.0	0.0	0.0	0.0	0.0	0.0	0.0	4.714534911131017e-05	0.0	4.714534911131017e-05	0.0	0.0	0.000282872094667861	0.0	0.0	0.0008957616331148932	4.714534911131017e-05	0.0	0.0	0.0	0.0	0.0	9.429069822262034e-05	0.0	0.0	0.0	0.0	0.0	0.0	0.0	0.0	0.0	0.0	0.0	0.0	0.0	0.0	0.0	0.0	0.0	0.0005185988402244119	0.0	0.0	0.0	0.0001414360473339305	0.9951440290415351	9.429069822262034e-05	9.429069822262034e-05	0.0	0.0	0.0	4.714534911131017e-05	0.0	4.714534911131017e-05	0.0	0.00037716279289048136	0.0	0.0	0.0	0.0	0.0	0.0	4.714534911131017e-05	0.0	0.0	0.0	0.0	0.0	0.0	0.0	0.0	0.0	0.0	0.0	0.0	0.0	0.0	0.000282872094667861	0.0001414360473339305	0.0	0.0	0.0	0.0	0.0	0.0	0.0	0.0	0.0	0.0	0.0	0.0	0.0	0.0	0.0	0.0007071802366696526	0.0	0.0	0.0	0.0	0.0	0.000565744189335722	0.0	0.0	0.0	0.0	0.0	0.0	0.0	0.0	0.0	0.0	4.714534911131017e-05	0.0	0.0	0.0001414360473339305	0.0	0.0	0.0	0.0	0.0	0.0	0.0	0.0	0.0	0.0	0.0	9.429069822262034e-05	0.0
StressDiet_121	0.0	0.0	0.0	6.47836227001814e-05	0.0	0.0	0.0	0.0	0.0	0.0	0.000323918113500907	0.0	0.0	0.0	0.0	0.0	0.0	0.0	0.0	0.0	0.0	0.0	0.0	6.47836227001814e-05	6.47836227001814e-05	0.16629955947136563	0.0	0.0	0.0	0.0	0.0	0.0	0.0	0.0	0.0	0.0	0.0	0.0	0.0	0.0	0.0	0.0	0.0	0.0	0.0	0.0	0.0	0.0	6.47836227001814e-05	0.0	0.00978232702772739	0.0	0.0	0.0	0.0	0.0	0.0	0.0	0.00019435086810054417	0.0	0.0	0.0	0.0	6.47836227001814e-05	0.0	0.0	0.0	0.0	0.0	0.0	0.0	0.0	0.0	0.0	0.0	0.0	0.0	0.0	0.0	0.04968903861103913	0.0007774034724021767	0.2972920445711324	6.47836227001814e-05	6.47836227001814e-05	0.0	0.0	0.0	0.0	0.0	0.0	0.00019435086810054417	0.0	0.0	0.0	0.0	0.0	0.0	0.0	0.0	0.0	0.0	0.0	0.0	0.0	0.0	0.0	0.0	0.0	0.0	0.0	0.0	0.0001295672454003628	0.0	0.0	0.0	0.0	0.0	0.0	0.0	0.0	0.0	0.0	0.0	0.0	0.000323918113500907	0.0	0.0	0.0	0.0	0.0001295672454003628	0.440010365379632	6.47836227001814e-05	0.0	6.47836227001814e-05	0.0	0.033169214822492875	0.0	0.0	0.0	0.0	0.0	0.0	0.0	0.0	0.000647836227001814	0.0	0.0002591344908007256	0.0	0.0	0.0	0.0	0.0	0.0	0.0	0.0	0.0	0.0	0.0	0.0	0.0	0.0	0.00019435086810054417	0.0
StressDiet_122	0.0	0.0	0.0	0.0004431838326537848	0.0	0.0	0.0	0.0	0.0	0.0	0.0007090941322460556	0.0	8.863676653075696e-05	0.0	0.0	0.00026591029959227087	0.0	0.0	0.0	0.0	0.0	8.863676653075696e-05	0.0	0.0	0.0	0.0	0.0	0.0	0.0	0.0	0.0	0.0	8.863676653075696e-05	0.0	0.0	0.0	0.0	0.0	0.0	0.0	0.0	0.0	0.001772735330615139	0.0	0.002127282396738167	0.0	0.0	0.0006204573657152987	0.0	0.0	0.0001772735330615139	0.0	0.0	0.0	0.0	0.0	0.0	0.0022159191632689238	8.863676653075696e-05	0.0	0.0001772735330615139	0.0	0.0	0.0001772735330615139	0.0	0.0	0.0	0.0	0.0001772735330615139	0.0	0.0	0.0	0.0	0.0	8.863676653075696e-05	0.0	0.0015954617975536252	0.0	0.0	0.01107959581634462	0.6899485906754121	8.863676653075696e-05	0.00026591029959227087	0.27344442474738523	0.0	0.0	0.0	8.863676653075696e-05	0.002304555929799681	0.0	0.0007090941322460556	0.0	0.0	0.0	8.863676653075696e-05	0.0	0.0	0.0	0.0	0.0	0.0	0.0	0.0	0.0	0.0	0.0	0.0	0.0	0.0004431838326537848	0.0	0.0	0.0	0.004786385392660876	0.0007977308987768126	0.0	8.863676653075696e-05	0.0	0.0	0.0	0.0	0.0	0.0003545470661230278	0.0	0.0	0.0	0.0	0.0	0.0	0.0	0.0004431838326537848	0.0	8.863676653075696e-05	0.0	0.0	0.0	0.0031909235951072504	0.0	0.0	0.00026591029959227087	0.0	0.0	0.0	0.0	0.0	0.0	0.0	0.0	0.0	0.0	8.863676653075696e-05	0.0	0.0	0.0	8.863676653075696e-05	8.863676653075696e-05	8.863676653075696e-05	0.0	0.0	0.0	0.0	0.0	0.00026591029959227087	0.0
StressDiet_123	0.0	0.0	0.0	0.0	0.0	0.09935105067985167	0.0	0.0	0.0	0.0	0.0	0.0	0.0	0.0	0.0	0.00023176761433868975	0.0	0.0	0.0	0.0	0.0	0.023872064276885045	0.0	0.0	0.0	0.0	0.0	0.0	0.0	0.0	0.0	0.0	0.0	0.0	0.0	0.0	0.0	0.0	0.0	0.0	0.0	0.0	0.00015451174289245981	0.0	0.0844406674907293	0.0	0.0	0.0	0.0	0.0	0.0	0.0	0.0	0.0	0.0	0.09046662546353523	0.0	0.0	7.725587144622991e-05	0.0	0.0	0.012438195302843015	0.2017150803461063	0.0	0.0	0.0	0.0	0.0	0.0	0.0	0.0	0.0	0.0	0.0	0.0	0.0	0.0	0.0	0.0	7.725587144622991e-05	0.00023176761433868975	0.00015451174289245981	0.00023176761433868975	0.0	0.0	0.0	0.0	0.0	0.0	0.0	0.0	0.0	0.0	0.0	0.0	0.0	0.0	0.0	0.0	0.0	0.0	0.0	0.0	0.0	0.0	0.0	0.0	0.0	0.00038627935723114956	0.0	0.0	0.0	0.39106922126081584	0.0	0.0	0.0	0.0	0.0	0.0	0.0	0.0	0.0	0.0	0.0	0.0	7.725587144622991e-05	0.0	0.0	0.0	0.0	0.0	0.0	0.0	0.0	0.0	0.020318294190358466	0.0	0.0	0.0	0.0	0.0	0.0	0.0	0.0	0.00842088998763906	0.0	0.0	0.022172435105067986	0.0	0.0	0.0	0.0	0.0	0.00038627935723114956	0.0	0.0	0.0	0.0	0.0	0.0	0.0	0.0	0.04372682323856613
StressDiet_15	0.0	0.0	0.00020013723696248856	0.0	0.0	0.0	0.0	0.0	0.0	0.00011436413540713633	2.8591033851784082e-05	0.0	0.0	0.0	0.00022872827081427266	0.007319304666056725	0.0	0.0	0.0	0.0	0.0	0.0050034309240622145	0.0	2.8591033851784082e-05	0.0	0.0	0.0	0.0	0.0	2.8591033851784082e-05	0.0	0.0	8.577310155535224e-05	0.0	0.0	0.0	0.0	0.0	2.8591033851784082e-05	0.00011436413540713633	2.8591033851784082e-05	2.8591033851784082e-05	0.0002859103385178408	0.0	0.0045459743824336684	0.0	0.0	0.0	0.0	0.0	0.0	0.0	2.8591033851784082e-05	2.8591033851784082e-05	2.8591033851784082e-05	0.013437785910338517	0.0	0.0013437785910338518	0.0	0.0	0.0003145013723696249	0.015096065873741994	0.3532136322049405	0.003087831655992681	2.8591033851784082e-05	0.0	0.0	0.0	0.00022872827081427266	0.0	0.0	0.0	0.0	2.8591033851784082e-05	0.0	0.0	0.0	0.0	0.0	0.03416628545288198	0.022043687099725526	0.34766697163769444	0.0004860475754803294	8.577310155535224e-05	0.0	0.0	0.003545288197621226	5.7182067703568164e-05	0.0	0.0	2.8591033851784082e-05	0.0	0.0	0.01352355901189387	0.0	0.0	0.0	0.0	0.0	0.0	0.0	0.0	0.0	0.0	0.0016868709972552608	0.0	0.0	0.0	0.0022872827081427266	0.0016010978956999085	0.0	0.00022872827081427266	0.08317131747483988	0.0	0.0	0.0	0.0	0.0	0.0	0.0	0.0	0.0	0.0	0.0	0.0	0.0	0.0	0.03862648673376029	0.0	0.00020013723696248856	0.0012580054894784996	0.0	0.0	0.0	0.0	0.008377172918572736	0.03167886550777676	0.0	2.8591033851784082e-05	0.0	0.0	0.0	0.0	0.0	0.004145699908508692	0.0	0.0	0.0	0.0	0.0	0.0	0.0	0.0	0.00011436413540713633	0.0	0.0	0.0	0.0	0.0	2.8591033851784082e-05	0.0	2.8591033851784082e-05	0.0
StressDiet_16	0.0	7.72399588053553e-05	0.0	0.0	0.0	0.0	0.0	0.0	0.0	0.0	7.72399588053553e-05	0.0	0.0	0.0	0.0	0.00010298661174047374	0.0	0.0	0.0	0.0	0.0	5.149330587023687e-05	0.0	0.0	0.0	7.72399588053553e-05	2.5746652935118435e-05	0.0	0.0	2.5746652935118435e-05	0.0	0.0	5.149330587023687e-05	0.0	0.0	0.0	0.0	0.0	0.0	0.00854788877445932	0.0	0.0	0.0015705458290422244	0.0	0.00010298661174047374	0.0	0.0	0.0	0.0	0.0	0.0	0.0	5.149330587023687e-05	0.0	0.0	2.5746652935118435e-05	2.5746652935118435e-05	0.00010298661174047374	0.0	0.0	0.0015190525231719876	2.5746652935118435e-05	0.0004891864057672503	0.0	0.0	0.0	0.0	0.0	0.0	0.0001544799176107106	0.0	0.0	0.0	0.0	0.0	0.0	2.5746652935118435e-05	0.0	0.0	0.01694129763130793	0.9473995880535531	0.0	0.01632337796086509	0.0010813594232749742	0.0	0.0	0.0004891864057672503	0.00010298661174047374	0.0	0.0	5.149330587023687e-05	0.0	0.0	0.0	0.0	0.0	0.0	2.5746652935118435e-05	0.0	0.0	0.0	0.0	0.0	0.0	0.0	0.0	0.0	0.0	0.00025746652935118434	0.0001544799176107106	0.0	0.0002832131822863028	0.002188465499485067	0.00018022657054582905	0.0	0.0	0.0	0.0	0.0	0.0	0.0	0.0	0.0	0.0	0.0	0.0	0.0	0.0	0.0	0.00012873326467559217	0.0	0.0	0.0	0.0	0.0	0.001004119464469619	2.5746652935118435e-05	0.0	0.0	0.0	0.0	0.00018022657054582905	0.0	0.0	0.0	0.0	0.0	0.0	0.0	0.0	0.0	0.0	0.0	0.0	0.0	0.0	0.0	0.0	0.0	2.5746652935118435e-05	0.0	2.5746652935118435e-05	0.0
StressDiet_17	0.0	0.0	0.0	0.0	0.0	0.0	0.0	0.0	0.0	0.0	0.0	0.0	0.0	0.0	0.0	1.9994001799460163e-05	0.0	0.0	0.0	0.0	0.0	1.9994001799460163e-05	0.0	0.0	0.0	0.0	0.0	0.0	0.0	0.0	0.0	0.0	3.9988003598920326e-05	0.0	0.0	0.0	0.0	0.0	0.0	0.0	0.0	0.0	1.9994001799460163e-05	0.0	0.0	1.9994001799460163e-05	0.0	0.0	0.0	0.0	5.998200539838048e-05	0.0	1.9994001799460163e-05	0.0	0.0	0.00045986204138758375	0.0	0.0	1.9994001799460163e-05	0.0	0.0	1.9994001799460163e-05	0.00027991602519244227	0.0	0.0	0.0	1.9994001799460163e-05	0.0	3.9988003598920326e-05	0.0	0.0	0.0	0.0	0.0	0.0	0.0	0.0	0.0	0.0	0.13162051384584625	0.00047985604318704386	5.998200539838048e-05	0.1908227531740478	0.6737378786364091	0.0	0.0	0.0	0.0	0.0	0.0	0.0	0.0	0.0	0.0	0.0	0.0	0.0	1.9994001799460163e-05	0.0	0.0	0.0	0.0	0.0	0.0	0.0	0.0	0.0	0.0	3.9988003598920326e-05	0.0	1.9994001799460163e-05	0.0	0.00013995801259622114	1.9994001799460163e-05	0.0	0.0	0.0	0.0	0.0	0.0	0.0	3.9988003598920326e-05	0.0	0.0	0.0	0.0	0.0	0.0	0.0	1.9994001799460163e-05	3.9988003598920326e-05	0.0	0.0	0.0	0.0	0.0002199340197940618	0.0012596221133659902	0.0	0.0	0.0	0.0	0.0	0.00027991602519244227	0.0	0.0	0.0	7.997600719784065e-05	0.0	0.0	0.0	0.0	0.0	0.0	1.9994001799460163e-05	0.0	0.0	1.9994001799460163e-05	0.0	0.0	0.0	0.0	1.9994001799460163e-05	0.0
StressDiet_18	0.0	0.0	0.00013302294645826406	0.0	0.00016627868307283005	0.0003325573661456601	0.0	0.0	9.976720984369804e-05	0.00013302294645826406	0.0	0.0	0.0	0.0	0.0	0.0005653475224476222	3.3255736614566014e-05	0.0	0.0	0.0	0.0	6.651147322913203e-05	0.0	0.0	0.0006318589956767543	0.0004655803126039242	0.0	3.3255736614566014e-05	0.0	0.0	0.0	0.0	0.0040571998669770536	0.0	0.0	0.0	0.0	0.0	0.0	0.0	0.0	0.0	0.0007981376787495843	0.0	0.0004988360492184902	0.0	0.0	0.0	0.0	0.0	0.0007316262055204523	0.0	0.0013634852011972065	0.00013302294645826406	0.00016627868307283005	0.0	6.651147322913203e-05	0.0032590621882274693	0.0	0.0	0.002095111406717659	0.0	3.3255736614566014e-05	0.00891253741270369	0.0	0.0	0.0	9.976720984369804e-05	0.0676089125374127	0.0	0.0	0.0	0.0	0.0	0.0	0.0	0.0	0.00016627868307283005	3.3255736614566014e-05	0.024808779514466247	0.7529098769537745	9.976720984369804e-05	0.0037246425008313935	0.0010309278350515464	0.0	0.0005320917858330562	0.0	0.0	0.0	0.002061855670103093	0.0	0.0	0.00016627868307283005	0.0	3.3255736614566014e-05	0.00019953441968739607	0.0	0.0	3.3255736614566014e-05	0.0	0.0004988360492184902	0.0	0.0	0.0	0.0	0.0	0.0	0.0	0.022647156634519456	0.0002660458929165281	0.0	0.0011639507815098104	0.018456933821084136	0.0010974393082806785	0.00013302294645826406	0.0	0.0	0.0	0.0	0.0	0.0	0.020917858330562023	6.651147322913203e-05	6.651147322913203e-05	0.0	0.00019953441968739607	0.0	0.0	0.0	0.009477884935151313	0.025839707349517793	0.0	0.0	0.0	0.0	0.012803458596607914	0.0	0.0008979048885932823	0.0014299966744263386	0.0	0.0	0.0	0.0019953441968739607	0.0	0.0	0.0	0.0	0.0	3.3255736614566014e-05	0.0	0.0	0.0007648819421350182	0.0	0.00013302294645826406	0.0002327901563019621	6.651147322913203e-05	9.976720984369804e-05	0.0	0.0	0.0	0.0	0.002427668772863319	0.0
StressDiet_19	0.0	0.0	0.0	0.0	0.0	0.0	0.0	0.0	0.0	0.0	0.0	0.0	0.0	0.0	0.0	0.006729148212703946	0.0	0.0	0.0	0.0	0.0	0.019044489527673802	0.0	0.0	0.0	1.428693888047547e-05	0.0	0.0	0.0	5.714775552190188e-05	0.0	0.0	0.0	0.0	0.0	0.0	0.0	0.0	0.0	0.0	0.0	0.0	8.572163328285282e-05	0.0	0.002157327770951796	0.0	0.0	1.428693888047547e-05	0.0	0.0	0.0	0.0	0.0	0.0	0.0	0.08495013858330715	0.0	0.0	0.0	0.0	0.0	0.010458039260508043	0.32992827956682	1.428693888047547e-05	0.0	0.0	0.0	0.0	0.0	0.0	0.0	0.0	0.0	0.0	0.0	0.0	0.0	0.0	0.0	0.032745663914049775	0.0003857473497728377	0.0	0.32904248935623054	1.428693888047547e-05	0.0	0.0	0.0	0.0	0.0	0.0	0.0	0.0	0.0	0.0	0.0	2.857387776095094e-05	0.0	0.0	0.0	0.0	0.0	0.0	0.0	0.0	0.0	0.0	0.0	0.0	1.428693888047547e-05	0.0	0.0	0.0	0.0839214789839129	0.0	0.0	0.0	0.0	0.0	0.0	0.0	0.0	0.0	0.0	0.0	0.0	0.0	0.0	0.0	0.0	0.0	2.857387776095094e-05	0.0	0.0	0.0	0.0	0.02518787324627825	0.002343057976397977	0.0	0.0	0.0	0.0	0.0	1.428693888047547e-05	0.0	0.003386004514672686	0.0	1.428693888047547e-05	0.0	0.0	0.0	0.0	0.0	0.0	8.572163328285282e-05	0.0	0.0	0.0	0.0	0.0	0.0	0.0	0.0	0.06933451438694745
StressDiet_2	0.0	0.0	0.0	0.0	0.0	0.0020274863307226244	0.0	0.0	0.0	0.0	0.0	0.0	0.0	0.0	0.0	0.0030678291709767993	0.0	0.0	0.0002187084380079799	5.911038865080538e-06	0.0	0.040579281808777894	0.0	0.0	0.0	2.955519432540269e-05	0.0	5.911038865080538e-06	0.0	0.0	0.0	0.0023112161962464905	0.004037239544850008	0.0	0.0	6.502142751588592e-05	0.0	0.0	0.0	0.0	5.911038865080538e-06	0.0	0.0	0.0	0.026676518398108466	0.0	0.0	0.00019506428254765774	0.0	0.0	1.1822077730161076e-05	0.0	0.0	0.0	0.0	0.08693955962760455	0.0	0.0	1.1822077730161076e-05	0.0	0.0	0.0036884882518102556	0.12779074922417616	0.0018678882813654499	0.0	0.0	0.0	0.0	1.7733116595241614e-05	0.0	0.0	0.0	0.0	0.0	0.0	0.0	0.0	0.0	0.0	0.0009398551795478055	0.0003428402541746712	0.0	0.008062657011969853	5.911038865080538e-06	0.0	0.0	5.319934978572484e-05	0.0	5.911038865080538e-05	0.04418501551647702	2.3644155460322152e-05	0.0	0.0	0.0	0.0	0.0	0.0	0.0	0.0	0.0	0.0	0.0	0.0	2.3644155460322152e-05	0.07029998522240284	0.0	0.0	0.0	8.866558297620807e-05	0.0	0.0	0.06844391901876755	0.28111127530663516	1.1822077730161076e-05	0.0	0.0	0.0	0.0	0.0	0.0	0.0	0.0	2.3644155460322152e-05	0.0	0.0	0.0	0.0	0.0	5.911038865080538e-06	2.955519432540269e-05	5.911038865080538e-06	1.1822077730161076e-05	0.0	0.0	0.0	0.0039485739618738	5.911038865080538e-05	0.0	0.0	0.0	0.0	0.0	0.0	0.0	0.001791044776119403	0.0	3.546623319048323e-05	0.017597162701344763	0.0	0.0	0.0	1.7733116595241614e-05	5.911038865080538e-06	0.007962169351263485	0.0	0.0	0.0	0.0	0.0	0.0	0.0	0.0	0.19530072410226096
StressDiet_21	3.108003108003108e-05	0.00035224035224035226	4.144004144004144e-05	0.0	0.0	5.18000518000518e-05	0.0	0.0	0.0	0.0	0.0	0.0	0.0	0.0	0.0	0.0005905205905205905	0.0	0.0	0.0	1.036001036001036e-05	0.0	0.00037296037296037296	0.0	5.18000518000518e-05	1.036001036001036e-05	5.18000518000518e-05	0.0	0.0	0.0	0.0	0.0	0.0	0.0002279202279202279	0.0	0.0	0.0	0.0	0.0	0.0	0.0	0.0	0.0	0.0008184408184408184	0.0	0.0009945609945609946	0.0	0.0	1.036001036001036e-05	6.216006216006216e-05	0.0	0.003543123543123543	0.0	0.0	0.0	0.0	0.00013468013468013467	0.0	0.0018855218855218854	0.0	0.0	0.0002900802900802901	0.004081844081844082	0.02157990157990158	0.0	0.0	0.0	0.0	0.0	0.0	0.0	0.0	0.0	0.0	1.036001036001036e-05	5.18000518000518e-05	0.0	2.072002072002072e-05	0.0	0.0	0.003957523957523958	0.8833152033152033	9.324009324009324e-05	4.144004144004144e-05	0.004289044289044289	0.0	1.036001036001036e-05	0.002248122248122248	7.252007252007252e-05	1.036001036001036e-05	0.0	0.0	0.0	0.0	0.0	0.0	0.0	0.0	1.036001036001036e-05	0.0	0.0	0.0	0.0	0.0	7.252007252007252e-05	0.0	0.0	0.0	0.0	0.00037296037296037296	0.0	0.0	3.108003108003108e-05	0.040704480704480704	0.00019684019684019683	0.0	0.0	0.0	0.0	0.0	0.0	0.0	7.252007252007252e-05	0.0	0.0	7.252007252007252e-05	0.0	0.0	0.0	0.0	0.005418285418285419	4.144004144004144e-05	0.0002072002072002072	0.0001036001036001036	0.0	0.0	0.002766122766122766	0.018834498834498836	1.036001036001036e-05	3.108003108003108e-05	0.0	0.0	0.0	0.0	0.0	4.144004144004144e-05	0.0	5.18000518000518e-05	0.0	0.0	2.072002072002072e-05	0.0	1.036001036001036e-05	1.036001036001036e-05	4.144004144004144e-05	0.0	9.324009324009324e-05	0.0	0.0	2.072002072002072e-05	0.0	0.0	0.0014296814296814297	2.072002072002072e-05
StressDiet_22	0.0	0.00040899795501022495	0.0	0.0	0.0	0.0	0.0	0.00046742623429739996	0.0	0.0	8.764241893076249e-05	0.0	0.0	0.0	0.0	0.016505988898626936	2.9214139643587497e-05	0.0	0.0	0.0	0.0	0.00026292725679228745	0.0	0.0	0.0	2.9214139643587497e-05	0.00014607069821793748	0.0	0.0	0.00046742623429739996	0.0	0.0	0.011510371019573473	0.0	0.0	0.0	0.0	0.0	0.0	0.0	0.0	0.0	0.0008179959100204499	0.0	0.017674554484370435	0.0	0.0	0.00011685655857434999	0.0	0.0	0.0	0.0	0.0	2.9214139643587497e-05	0.0	2.9214139643587497e-05	2.9214139643587497e-05	0.005959684487291849	0.0	0.0	0.0	0.0	0.0	0.0	0.0	0.0	0.0	0.0	0.0	0.0	0.0	0.0	0.0	0.0	0.014139643587496349	0.0	0.0	0.0	0.0	0.004615834063686824	0.7266725094945954	0.00026292725679228745	0.00032135553607946245	0.0	0.0	2.9214139643587497e-05	0.0	0.0015483494011101374	2.9214139643587497e-05	0.00040899795501022495	0.0	0.0	0.0	0.0	5.8428279287174995e-05	2.9214139643587497e-05	0.0	0.0	0.0	0.0	0.0015191352614665498	0.0	0.0	0.0	0.0	0.0	0.0	0.0	0.009260882267017236	0.0	0.0	0.0032719836400817996	0.16713409290096407	0.00014607069821793748	0.0	0.0	0.0	0.0	0.0	0.0	0.0	0.0	0.0	0.0	0.0	0.0	2.9214139643587497e-05	0.0	0.0	0.0014899211218229623	0.0	2.9214139643587497e-05	0.0011393514460999123	2.9214139643587497e-05	0.0	0.00198656149576395	0.0	0.00011685655857434999	0.0005550686532281625	0.0	0.0	0.0	0.0	0.0	0.0	0.0	5.8428279287174995e-05	0.0	0.0	0.0	0.0	0.0	0.0	0.008384458077709612	2.9214139643587497e-05	0.0	0.0	5.8428279287174995e-05	0.0	0.00198656149576395	0.0	8.764241893076249e-05	0.0
StressDiet_23	0.0	4.160599126274184e-05	0.0006656958602038694	0.0	0.0	0.0	0.0	0.0	0.0	0.0	0.00011094931003397822	0.0	0.0	0.0	0.0	0.0007905138339920949	0.0	0.0	0.0	1.3868663754247278e-05	0.0	1.3868663754247278e-05	0.0	6.93433187712364e-05	0.0	1.3868663754247278e-05	0.0	0.0	0.0	1.3868663754247278e-05	0.0	0.0	0.0	0.0	0.0	0.0	0.0	0.00026350461133069827	0.0	0.0	0.0	0.0	0.000249635947576451	0.0	2.7737327508494556e-05	0.0	0.0	0.0	0.0	0.0	0.0	0.0	1.3868663754247278e-05	0.0	0.0	0.0	0.0	0.001844532279314888	1.3868663754247278e-05	0.0	0.0	0.0	5.547465501698911e-05	0.0	0.0	0.0	0.0	0.0	2.7737327508494556e-05	0.0	0.0	0.0	0.0	0.0	0.0	0.0	0.0	0.0	0.0	0.004216073781291172	0.9670757922474169	5.547465501698911e-05	4.160599126274184e-05	0.017100062408986896	0.0	0.0	0.0027876014146037027	0.0	0.0	0.0	5.547465501698911e-05	0.0	0.0	0.0	0.0	0.0	0.0	0.00019416129255946189	0.0	0.0	0.0	0.0	0.0	0.0	0.0	0.0	0.0	0.0	0.00026350461133069827	0.0	0.0	2.7737327508494556e-05	0.001650370986755426	1.3868663754247278e-05	0.0	0.0	0.00029124193883919283	0.0	0.0	0.0	0.0	2.7737327508494556e-05	0.0	0.0	0.0	0.0	0.0	0.0	0.00026350461133069827	0.00042992857638166564	0.0	0.0006934331877123639	0.0	1.3868663754247278e-05	0.0	0.00029124193883919283	0.0	0.0	0.0	0.0	0.0	0.0	0.0	0.0	0.0	0.0	6.93433187712364e-05	0.0	0.0	0.0	0.0	0.0	0.0	0.0	0.0	0.00011094931003397822	0.0	0.0	0.0	0.0	0.0	9.708064627973094e-05	0.0
StressDiet_24	1.9773983370079985e-05	0.00031638373392127976	0.0005240105593071196	9.886991685039992e-06	0.0007810723431181595	0.00021751381707087986	0.0	0.0	0.0	0.0	4.9434958425199964e-05	0.0	0.0	0.0	0.0	0.03874712041367173	0.0	9.886991685039992e-06	0.002699148730015918	0.0	0.0	2.966097505511998e-05	0.0	0.0	0.00010875690853543993	9.886991685039992e-06	0.0	2.966097505511998e-05	0.0	2.966097505511998e-05	5.932195011023996e-05	0.0	0.0033615771729135976	9.886991685039992e-06	0.0	0.0	2.966097505511998e-05	0.0	0.0	0.0	0.0	2.966097505511998e-05	0.002798018646866318	0.0	0.004666660075338877	9.886991685039992e-06	0.0	6.920894179527995e-05	0.0	0.0	0.0	0.0	0.0	0.00021751381707087986	0.0	4.9434958425199964e-05	0.0	0.007405356772094955	0.0	9.886991685039992e-06	0.0020762682538583983	0.0015324837111811988	0.009194902267087194	0.00022740080875591984	0.0	0.0	9.886991685039992e-06	2.966097505511998e-05	0.0025903918214804783	9.886991685039992e-06	0.0	0.0	0.0	1.9773983370079985e-05	0.0	0.0	0.00011864390022047992	0.00010875690853543993	9.886991685039992e-06	0.034357296105513975	0.6501487992248598	0.0251426198550567	2.966097505511998e-05	2.966097505511998e-05	0.0	0.0001483048752755999	0.01371325746715047	2.966097505511998e-05	6.920894179527995e-05	2.966097505511998e-05	0.0	0.0	0.0	0.0	0.0018488674451024787	0.0004449146258267997	0.0	9.886991685039992e-06	0.0	0.0	0.0	0.0	0.0	0.0	0.0	0.0	0.0	0.0009392642100787993	0.06777532800094915	0.0	9.886991685039992e-06	0.03899429520579773	0.061249913488822756	4.9434958425199964e-05	0.008423716915654075	9.886991685039992e-06	0.0	0.0	0.0	9.886991685039992e-06	9.886991685039992e-06	0.0005932195011023996	0.0	0.0	0.0	6.920894179527995e-05	0.0	0.0	0.0	0.002580504829795438	0.0007909593348031994	9.886991685039993e-05	0.0	9.886991685039992e-06	0.0	0.0037768308236852772	5.932195011023996e-05	0.008216090090268234	0.00011864390022047992	0.0	0.0	0.0	0.0001384178835905599	0.0	0.00010875690853543993	0.0	4.9434958425199964e-05	0.0	2.966097505511998e-05	0.0	0.0	6.920894179527995e-05	0.0	0.00018785284201575987	0.0	6.920894179527995e-05	9.886991685039993e-05	0.0007019764096378395	0.0	0.0	0.0	0.0005338975509921596	0.0
StressDiet_25	0.0	0.0	0.0	1.2099067161921815e-05	0.0	0.0	0.0	0.0	0.0	0.0	2.419813432384363e-05	0.0	0.0	0.0	0.0	1.2099067161921815e-05	0.0	0.0	0.0	0.0	0.0	0.0007864393655249181	0.0	1.2099067161921815e-05	3.6297201485765445e-05	3.6297201485765445e-05	0.0	0.0	0.0	0.0	0.0	0.0	0.0	0.0	0.0	0.0	0.0	8.469347013345271e-05	0.0	0.0380999624928918	0.0	0.0	0.00016938694026690543	0.0	0.0007017458953914653	0.0	0.0	1.2099067161921815e-05	0.00013308973878113997	0.0	0.021282259137820475	0.0	0.0	0.0	1.2099067161921815e-05	0.00953406492359439	0.0	1.2099067161921815e-05	1.2099067161921815e-05	0.0	0.0	0.010514089363710058	0.057010804466975595	0.0	0.0	0.0	0.0	0.0	0.0	0.0	0.0	0.0	0.0	0.0	0.0	0.0	3.6297201485765445e-05	0.0	0.0	0.013115388803523248	0.8284352276439486	0.0	8.469347013345271e-05	0.00012099067161921816	0.0	0.0	0.00027827854472420175	0.0	2.419813432384363e-05	0.0	8.469347013345271e-05	0.0	0.0	0.0	0.0	0.0	0.0	0.0	0.0	0.0	0.0	0.0	0.0	0.0	0.0	0.0007380430968772308	0.0	0.0	0.00016938694026690543	0.0	0.0	9.679253729537452e-05	0.0067391804091904515	0.0	0.0	0.0	1.2099067161921815e-05	0.0	0.0	0.0	0.0	0.0	0.0	0.0	0.0	0.0	0.0	3.6297201485765445e-05	4.839626864768726e-05	0.0009558263057918234	1.2099067161921815e-05	4.839626864768726e-05	0.0	4.839626864768726e-05	0.0	0.008312059140240288	0.00012099067161921816	0.0	0.0	0.0	0.0	0.0	1.2099067161921815e-05	0.0	0.00029037761188612356	0.0	1.2099067161921815e-05	0.0	0.0	0.00024198134323843632	0.0	0.0	0.0	0.0	0.0	0.0	0.0	0.0	0.0	0.0	0.0	0.00027827854472420175	0.0011494113803825726
StressDiet_26	0.0	3.142233185124668e-05	9.426699555374004e-05	1.571116592562334e-05	0.0	0.0	0.0	0.0	0.0	0.0	0.00010997816147936338	0.0	0.0	0.0	0.0	0.001052648117016764	0.0	0.0	0.0	0.0	0.0	7.85558296281167e-05	0.0	0.0	4.713349777687002e-05	0.23338936982513472	0.0	3.142233185124668e-05	0.0	0.0	0.0	0.0	0.00018853399110748008	0.0	0.0	0.0	0.0	0.0	4.713349777687002e-05	1.571116592562334e-05	0.0	0.0	0.0009898034533142705	0.0	0.0012097597762729972	0.0	0.0	1.571116592562334e-05	0.0	0.0	0.00025137865480997346	0.0	7.85558296281167e-05	0.0	4.713349777687002e-05	0.0	0.0	0.003566434665116498	0.0	0.0	0.0	0.0	0.0	0.0	0.0	0.0	0.0	0.0	4.713349777687002e-05	0.0	0.0	0.0	0.0	0.0	0.0	0.0	0.0	0.0	0.0	0.011327750632374428	0.0008641141259092837	0.0026394758755047213	6.284466370249337e-05	0.7303021257207497	0.0	0.0	0.0	0.0	4.713349777687002e-05	1.571116592562334e-05	0.00020424515703310343	0.0	1.571116592562334e-05	0.0	3.142233185124668e-05	0.0	0.0	0.0	0.0	0.0	4.713349777687002e-05	0.0	0.0	0.0	0.0	0.0	0.0	0.0	0.0008641141259092837	0.00032993448443809016	0.0	0.0	0.009442410721299628	0.00017282282518185676	0.0	9.426699555374004e-05	0.0	0.0	0.0	0.0	0.0	0.0	0.0	0.0	4.713349777687002e-05	0.0	0.0	0.0	1.571116592562334e-05	0.00012568932740498673	0.0	3.142233185124668e-05	6.284466370249337e-05	0.0	0.0	0.000785558296281167	0.0	1.571116592562334e-05	0.0	0.0	1.571116592562334e-05	0.0	0.0	0.0	1.571116592562334e-05	0.0	1.571116592562334e-05	0.0	0.0	0.0	0.0	0.0	0.0	0.001052648117016764	0.0	0.0	0.0	0.0	0.0	0.0	0.0	4.713349777687002e-05	0.0
StressDiet_27	0.0	0.0	1.2801802493791125e-05	0.0	0.0	0.0	0.0	0.0	0.0	2.560360498758225e-05	0.0	0.0	0.0	0.0	0.0	0.000102414419950329	0.0	0.0	0.0	0.0	0.0	0.0	0.0	0.0	0.0	0.0	0.0	0.0	0.0	0.0	0.0	0.0	2.560360498758225e-05	0.0	0.0	0.0	0.0	0.0	0.0	0.010702306884809382	0.0	0.0	0.0	0.0	0.0	0.0	0.0	0.0	0.0	0.0	2.560360498758225e-05	0.0	1.2801802493791125e-05	0.0	0.0	0.0	0.0	2.560360498758225e-05	0.0	0.0	1.2801802493791125e-05	0.0	0.0	0.0	0.0	0.0	0.0	0.0	0.0	0.0	0.0	0.0	0.0	0.0	0.0	0.0	2.560360498758225e-05	0.0	0.0	0.004787874132677881	0.9790818547251453	1.2801802493791125e-05	0.0035717028957677243	0.0	0.0	0.0	5.12072099751645e-05	0.0	0.0	0.0	2.560360498758225e-05	0.0	2.560360498758225e-05	0.0	0.0	0.0	0.0	0.0	0.0	0.0	0.0	0.0	0.0	0.0	0.0	0.0	0.0	0.0	6.400901246895563e-05	0.0	0.0	8.961261745653788e-05	0.0002560360498758225	1.2801802493791125e-05	0.0	0.0	0.0	0.0	0.0	0.0	0.0	0.0	0.0	0.0	0.0	0.0	0.0	0.0	0.0	3.840540748137338e-05	0.0	0.0	0.0	0.0	0.0	0.0009089279770591699	1.2801802493791125e-05	1.2801802493791125e-05	0.0	0.0	3.840540748137338e-05	0.0	1.2801802493791125e-05	0.0	0.0	0.0	0.0	0.0	0.0	0.0	0.0	0.0	1.2801802493791125e-05	0.0	0.0	0.0	0.0	0.0	0.0	1.2801802493791125e-05	0.0	0.0	0.0
StressDiet_28	0.0	0.0	0.0	0.0	0.0	0.014011308830866456	0.0	0.0	0.0	0.0	0.0	0.0	0.0	0.0	0.0	0.0003326126725428239	0.0	0.0	0.0	0.0	0.0	0.0012057209379677367	0.0	0.0	0.0	0.0	0.0	0.0	0.0	0.0	0.0	0.0	8.315316813570597e-05	0.0	0.0	0.0	0.0	0.0	0.0	0.0	0.0	0.0	0.00012472975220355895	0.0	0.0013720272742391486	0.0	0.0	8.315316813570597e-05	0.0	0.0	0.0	0.0	0.0	0.0	0.0	0.010851488441709628	0.0	0.00020788292033926492	0.0	0.0	0.00012472975220355895	0.010685182105438217	0.21977382338267087	0.0	0.0	0.0	0.0	0.0	0.0	0.0	0.0	0.0	0.0	0.0	0.0	0.0	0.0	0.0	0.0	0.08157325794112756	0.1608598037585232	0.0	0.40162980209545984	4.1576584067852984e-05	0.0	0.0	0.0	0.0	0.0	0.0	0.0	0.0	0.00012472975220355895	0.0	0.0	0.0	0.0	0.0	0.0	0.0	0.0	0.0	0.0	0.0	0.0	0.0	0.0	0.0	8.315316813570597e-05	0.0	0.0	0.00012472975220355895	0.008814235822384832	0.0	0.0	0.0	0.0	0.0	0.0	0.0	0.0	0.0	0.0	0.0	0.0	0.0	0.0	0.0013304506901712955	0.0	0.00016630633627141194	0.0	0.0	0.0	0.0	0.0	0.03047563612173624	0.0015383336105105605	0.0	0.0	0.0	0.0	0.0	0.0	0.0	0.00020788292033926492	0.0	0.0	0.0	0.0	0.0	0.0	0.0	0.0	0.0	0.0	0.0	0.0	0.0	0.0	0.0	0.0	0.0	0.05417428904041244
StressDiet_29	0.0	0.00013280800389570144	0.0	0.0	0.0	0.0	0.0	0.0	0.0	0.0	0.0	0.0	0.0	0.0	0.0	0.00026561600779140287	0.0	0.0	0.0	0.0	0.0	0.0	0.0	0.0	4.426933463190048e-05	0.0	0.0	0.0	0.0	2.213466731595024e-05	0.0	0.0	2.213466731595024e-05	0.0	0.0	0.0	2.213466731595024e-05	0.0	0.0	0.0	0.0	2.213466731595024e-05	0.0009739253619018107	0.0	0.0	0.0	2.213466731595024e-05	4.426933463190048e-05	0.0	0.0	2.213466731595024e-05	0.0	0.0	0.0	0.0	0.0	0.0	0.0004205586790030546	4.426933463190048e-05	0.0	0.00019921200584355217	0.0	2.213466731595024e-05	4.426933463190048e-05	0.0	0.0	0.0	4.426933463190048e-05	0.0011731373677453627	0.0	0.0	0.0	0.0	0.0	0.0	2.213466731595024e-05	0.0	0.0	0.0	0.005400858825091859	0.9455265837354464	0.0001106733365797512	0.0015051573774846165	0.0005312320155828057	0.0	4.426933463190048e-05	0.0035194121032360885	0.0	0.0	0.00017707733852760193	0.0	0.0	2.213466731595024e-05	0.0	0.0	0.0001106733365797512	0.0	2.213466731595024e-05	0.0	0.0	0.0	0.0	0.0	8.853866926380097e-05	0.0	0.0	0.0	0.0	0.0001106733365797512	0.0	0.0	8.853866926380097e-05	0.0011288680331134624	2.213466731595024e-05	0.0	0.0	0.0	6.640400194785072e-05	0.0	0.0	0.0	0.0008632520253220595	0.0	0.0	0.0	6.640400194785072e-05	0.0	0.0	0.0	0.0028111027491256805	0.0022798707335428747	0.0	0.0	0.0	0.0	0.0012838107043251139	0.029594050201425474	0.0	2.213466731595024e-05	0.0	0.0	0.0	0.0001106733365797512	0.0	0.0	0.0	6.640400194785072e-05	0.0	2.213466731595024e-05	2.213466731595024e-05	0.0	0.0	0.0	4.426933463190048e-05	2.213466731595024e-05	0.0	0.0	0.0	0.0	0.0	0.0	0.0007525786887423083	0.0
StressDiet_3	0.0	0.0	0.0	0.0	0.0	0.0	0.0	0.0	0.0	3.4937345693389856e-05	3.4937345693389856e-05	1.1645781897796619e-05	0.0	0.0	0.0	0.011249825313271533	0.0	0.0	1.1645781897796619e-05	0.0	0.0	0.0007686216052545767	0.0	0.0	5.822890948898309e-05	2.3291563795593237e-05	0.0001979782922625425	0.0	1.1645781897796619e-05	0.0	0.0	0.0	0.003505380351236782	0.0	0.0	0.0	0.0	0.0	0.0	0.0	0.0	9.316625518237295e-05	0.00020962407416033914	0.0	0.004180835701308986	0.0	0.0	3.4937345693389856e-05	0.0	0.0	9.316625518237295e-05	0.0	0.0013276191363488146	0.0	3.4937345693389856e-05	3.4937345693389856e-05	0.0	0.002014720268318815	0.0	0.0	0.008978897843201192	0.0	3.4937345693389856e-05	0.0	1.1645781897796619e-05	0.0	0.0	0.0	0.0	0.0	0.0	0.0	1.1645781897796619e-05	0.0	0.006323659570503563	0.0	0.00030279032934271206	0.0	0.0	0.11349979037592584	0.0003144361112405087	0.14172916569618485	0.6067568826571016	0.0	0.0	0.0	0.0003377276750361019	1.1645781897796619e-05	1.1645781897796619e-05	0.0003260818931383053	1.1645781897796619e-05	5.822890948898309e-05	4.6583127591186475e-05	0.0	0.0	0.0	0.0	0.0	0.0	0.0	0.001036474588903899	1.1645781897796619e-05	0.0	3.4937345693389856e-05	0.0	0.0	0.0	3.4937345693389856e-05	0.0020380118321144084	0.001432431173428984	0.0	0.0061722644058322075	0.06353938603437835	9.316625518237295e-05	5.822890948898309e-05	0.0	0.0	0.0	0.0	1.1645781897796619e-05	0.0	0.0	1.1645781897796619e-05	0.0	0.0	1.1645781897796619e-05	0.0	1.1645781897796619e-05	0.0	0.00016304094656915266	0.0	0.0	0.0010830577164950854	1.1645781897796619e-05	0.0	0.0086062328224717	0.008652815950062887	0.0	0.0001863325103647459	0.0	0.0	0.0008501420785391531	0.0006288722224810174	0.0	0.0	0.0	3.4937345693389856e-05	0.0	0.0	0.0	0.0	0.0	0.0	0.00041924814832067827	0.0	0.0	0.0	0.0	0.0018749708855452555	0.0002678529836493222	0.0	2.3291563795593237e-05	0.0
StressDiet_30	0.0	0.0	0.0	0.0	0.000155448468832582	0.0	0.0	0.0	0.0	0.0001165863516244365	3.88621172081455e-05	0.000310896937665164	0.0	0.0	0.0	0.006723146277009172	0.000699518109746619	7.7724234416291e-05	0.0	0.0	3.88621172081455e-05	0.000466345406497746	0.0	0.0	0.012707912327063578	0.000155448468832582	0.0001165863516244365	0.000388621172081455	0.0	0.000466345406497746	0.0	0.0	0.0021374164464480023	0.0	0.0	0.0	0.0	0.0	0.0005829317581221825	3.88621172081455e-05	3.88621172081455e-05	0.0003497590548733095	0.003963935955230841	0.0	0.005168661588683352	0.0	0.000699518109746619	0.0	0.000155448468832582	0.0	0.0001165863516244365	0.0002720348204570185	7.7724234416291e-05	7.7724234416291e-05	0.0027592103217783303	0.0	0.0	0.00544069640914037	0.0	0.000233172703248873	0.13877662055028758	0.00155448468832582	0.4804134929270947	0.0	0.00077724234416291	0.0	0.0	0.0	0.0	0.0	0.0	0.0	0.0	0.000155448468832582	0.0	0.0	0.0	0.0	0.0001165863516244365	3.88621172081455e-05	0.000932690812995492	0.0011270013990362195	0.000388621172081455	3.88621172081455e-05	0.0	0.0	0.0	0.0001165863516244365	0.0	0.0	3.88621172081455e-05	0.0	3.88621172081455e-05	0.0	3.88621172081455e-05	0.0	0.0	0.0	3.88621172081455e-05	0.0	0.0	0.000155448468832582	0.0	0.0	0.0	0.0	0.0	0.0	0.001243587750660656	0.002642623970153894	0.0	3.88621172081455e-05	0.07274988341364838	0.0004274832892896005	0.0	3.88621172081455e-05	0.0	0.0	0.0001165863516244365	0.0026037618529457483	0.0	0.0	0.008122182496502409	0.0002720348204570185	7.7724234416291e-05	0.0	7.7724234416291e-05	0.0	0.000155448468832582	0.000544069640914037	0.00854966578579201	7.7724234416291e-05	0.0001165863516244365	0.0	0.0	0.003264417845484222	0.0	0.0	0.22023161821856055	0.0	0.0	0.0002720348204570185	3.88621172081455e-05	0.0	0.0022151406808642933	0.0	3.88621172081455e-05	0.0	3.88621172081455e-05	0.0	0.0	0.0	0.0	0.005907041815638116	0.0	0.0	0.0	0.0	7.7724234416291e-05	0.0007383802269547645	0.0	0.0	0.0
StressDiet_31	0.0010115157173980704	0.0	0.0	0.0	0.0	0.0	0.0	0.0	0.0	0.0	0.0001556178026766262	0.0	0.0	0.0	0.0	0.00046685340802987864	0.00035014005602240897	0.0	0.0	0.0	0.0	0.00011671335200746966	0.0	0.0	0.0	0.0	0.0	0.0	0.0	0.0007002801120448179	0.0	0.0	0.0012449424214130097	0.0	0.0	0.0	0.0	0.0	0.0	0.0	0.0	0.0	0.002412075941487706	0.0	0.0008948023653906007	7.78089013383131e-05	0.0	0.0	0.0	0.0	0.0017507002801120449	0.0	0.00042794895736072205	0.0	0.0	0.0	0.0	0.0013616557734204794	0.0	0.0	0.011554621848739496	0.0	0.0	0.0	0.0	0.0	0.0	0.0	0.0	0.0	0.0	0.0	0.0	0.0	0.0	0.0	0.00011671335200746966	0.0	0.0	0.0016339869281045752	0.9325396825396826	7.78089013383131e-05	0.0003112356053532524	0.001478369125427949	0.0	0.0	3.890445066915655e-05	0.00023342670401493932	0.0	3.890445066915655e-05	3.890445066915655e-05	0.0	0.0001556178026766262	7.78089013383131e-05	0.0	0.0	0.0	0.0	0.0	0.0	0.0	0.0	0.0	0.0	0.0	0.0	0.0	0.0	0.0010115157173980704	3.890445066915655e-05	0.0	0.0001556178026766262	0.025988173046996577	0.001556178026766262	0.0	0.0	0.0	0.0	0.0	0.0	0.0	0.0001556178026766262	0.0	0.0	0.0	0.0	3.890445066915655e-05	0.0	0.0	0.0036959228135698724	3.890445066915655e-05	0.0	0.0	0.0	0.0	0.007197323373793962	0.0	0.0	3.890445066915655e-05	0.0	0.0	0.0	0.0	0.0	0.0	0.0	3.890445066915655e-05	0.0	3.890445066915655e-05	0.0	0.0	0.0	0.0	0.00011671335200746966	0.0	0.0	0.0	0.0	0.0	0.0	0.0	0.0006224712107065049	0.0
StressDiet_33	0.0	9.986874393654054e-05	1.4266963419505793e-05	2.8533926839011585e-05	0.0	0.0	0.0	0.0	0.0	0.0	0.00022827141471209268	0.0	0.0	0.0	0.0	0.0007846829880728185	0.0	0.0	0.0	1.4266963419505793e-05	0.0	0.0	0.0	0.0	1.4266963419505793e-05	1.4266963419505793e-05	0.0	2.8533926839011585e-05	0.0	1.4266963419505793e-05	0.0	0.0	0.0	1.4266963419505793e-05	0.0	0.0	0.0	0.0	0.0	0.0	0.0	0.0	0.00014266963419505793	0.0	4.2800890258517374e-05	0.0	0.0	1.4266963419505793e-05	0.0	0.0	1.4266963419505793e-05	0.0	1.4266963419505793e-05	0.0	2.8533926839011585e-05	5.706785367802317e-05	0.0	0.0009844204759458996	0.0	0.0	1.4266963419505793e-05	8.560178051703475e-05	0.0006277463904582549	1.4266963419505793e-05	7.133481709752897e-05	0.0	2.8533926839011585e-05	0.0	0.0	0.0	0.0	0.0	0.0	1.4266963419505793e-05	0.0	0.0	0.0	0.0	0.0	0.013182674199623353	0.00027107230497061004	7.133481709752897e-05	0.9578553900587798	0.01824744621354791	0.0	0.0	0.0	0.0	1.4266963419505793e-05	0.0	0.00014266963419505793	0.0	4.2800890258517374e-05	0.0	0.0	0.0	0.0	5.706785367802317e-05	0.0	0.0	0.0	0.0	0.0	1.4266963419505793e-05	0.0	0.0	0.0	0.0	0.0003709410489071506	0.0	0.0	0.00011413570735604634	0.00044227586600467954	0.00029960623180962163	0.0	1.4266963419505793e-05	0.0	0.0	0.0	0.0	0.0	0.0	1.4266963419505793e-05	0.0	0.0	0.0	0.0	0.0	0.0	0.0001712035610340695	0.00012840267077555214	0.0003994749757461622	0.0	2.8533926839011585e-05	0.0	0.0006705472807167723	0.0038092792330080465	0.0	0.0	0.0	2.8533926839011585e-05	0.0	0.0	0.0	0.0	0.0	0.00014266963419505793	0.0	0.0	0.0	0.0	0.0	0.0	0.0	0.0	2.8533926839011585e-05	0.0	0.0	0.0	0.0	0.0	1.4266963419505793e-05	1.4266963419505793e-05
StressDiet_34	0.0	0.16464117803601525	0.00026612259380821434	0.0	0.0	2.956917708980159e-05	0.0	0.0	0.0	0.0	5.913835417960318e-05	0.0	0.003755285490404802	0.0	0.0	2.956917708980159e-05	0.0	0.0	0.0	0.0	0.0	0.00020698423962861113	2.956917708980159e-05	8.870753126940477e-05	0.0005026760105266271	0.0	5.913835417960318e-05	0.0	8.870753126940477e-05	0.01617433986812147	0.0	0.0	2.956917708980159e-05	0.0	0.0	0.0	0.0	8.870753126940477e-05	0.0	0.0	0.0	0.0	0.029598746266891393	0.0	0.0028386410006209528	0.0	0.0	0.0002956917708980159	0.0010349211981430556	0.0	0.011650255773381827	0.0	0.0	0.0	2.956917708980159e-05	0.00047310683343682546	0.0	0.00446494574056004	0.0	2.956917708980159e-05	0.028889086016736155	8.870753126940477e-05	0.002572518406812738	0.0	2.956917708980159e-05	0.0	2.956917708980159e-05	0.0	0.1800762884768917	0.0	0.0	0.0	0.0	0.0	0.0	0.12185457878707236	0.0	0.0	0.0	0.00026612259380821434	0.0036370087820455956	2.956917708980159e-05	0.0003843993021674207	0.00017741506253880955	0.0	0.0	0.0	0.0	2.956917708980159e-05	0.0	0.00017741506253880955	0.0	0.0	0.0	0.0	0.0	0.0	0.0	0.0	0.0	0.0	5.913835417960318e-05	0.0	2.956917708980159e-05	0.0	0.0	0.0	0.0	0.0012714746148614685	0.0	0.0	0.0	0.07268103728673231	0.0005322451876164287	0.0	0.0009166444897838493	0.0	0.0	0.0028386410006209528	0.0	0.0	0.0005322451876164287	0.0	0.0	0.0	0.0	0.0	2.956917708980159e-05	0.0	0.0038735621987640084	0.2691977882255537	0.00041396847925722225	0.0	0.003518732073686389	0.0012123362606818653	0.0018332889795676986	0.0	0.00020698423962861113	0.0041396847925722225	0.0	0.00017741506253880955	0.0	0.0	0.0	0.0	0.0	0.0005322451876164287	2.956917708980159e-05	0.0	0.05508737691830037	0.0	0.0	0.0	0.0	0.0	0.005499866938703096	0.0006209527188858334	0.0	0.0	0.0	0.0	0.0	5.913835417960318e-05
StressDiet_36	0.0	0.0	3.3524422541821715e-05	0.0	0.0	0.0	0.0	0.0	0.0	0.0	6.704884508364343e-05	0.0	0.0	0.0	0.0	0.00015085990143819773	0.0	0.0	0.0	0.0	0.0	0.0	0.0	0.0	0.0	0.0	0.0	0.0	0.0	0.0	0.0	0.0	0.0	0.0	0.0	0.0	0.0	0.0	0.0	0.0	0.0	0.0	0.0004861041268564149	0.0	0.0	0.0	0.0	0.0	0.0	0.0	1.6762211270910858e-05	0.0	0.0	0.0	0.0	1.6762211270910858e-05	0.0	0.0007375372959200777	1.6762211270910858e-05	0.0	0.0	6.704884508364343e-05	0.0005363907606691474	0.0	0.0	0.0	1.6762211270910858e-05	0.0	0.0	0.0	0.0	0.0	0.0	0.0	0.0	0.0	1.6762211270910858e-05	0.0	0.0	0.042508967783029934	0.0002849575916054846	5.0286633812732576e-05	0.884173120118006	0.06594253913976332	0.0	3.3524422541821715e-05	0.0	0.0	0.0	0.0	5.0286633812732576e-05	0.0	0.0	0.0	0.0	0.0	0.0	1.6762211270910858e-05	0.0	0.0	0.0	0.0	0.0	5.0286633812732576e-05	0.0	0.0	0.0	0.0	1.6762211270910858e-05	0.0	0.0	0.0	0.00013409769016728686	8.38110563545543e-05	0.0	1.6762211270910858e-05	0.0	0.0	0.0	0.0	0.0	0.0	0.0	0.0	0.0	0.0	0.0	0.0	0.0	0.0002849575916054846	0.0	0.0003352442254182172	0.0	0.0	0.0	0.0003184820141473063	0.0033524422541821716	0.0	1.6762211270910858e-05	0.0	0.0	0.0	0.0	0.0	0.0	0.0	6.704884508364343e-05	0.0	0.0	3.3524422541821715e-05	0.0	0.0	0.0	0.0	0.0	3.3524422541821715e-05	0.0	0.0	0.0	0.0	0.0	3.3524422541821715e-05	0.0
StressDiet_37	0.0	0.0	2.966038855109002e-05	0.0	2.966038855109002e-05	0.009372682782144447	0.0	0.0	0.0	0.0	0.0	0.0	0.0	0.0	0.0	0.0004745662168174403	0.0	0.0	0.0	0.0	2.966038855109002e-05	0.0017499629245143111	0.0	0.0	0.0	0.0	0.0	0.0	0.0	0.0	0.0	0.0	2.966038855109002e-05	0.0	0.0	0.0	0.0	0.0	0.0	0.0	0.0	0.0	0.0001779623313065401	0.0	0.0020169064214741214	0.0	0.0	0.0	0.0	0.0	2.966038855109002e-05	0.0	8.898116565327005e-05	0.0	0.0	0.012487023580008898	0.0	0.00038558505116417026	0.0	0.0	0.00023728310840872015	0.01735132730238766	0.23224084235503484	0.0	0.0	0.0	0.0	0.0	0.0	0.0	0.0	0.0	0.0	0.0	0.0	0.0	0.0	0.0	0.0	0.11537891146374017	0.22874091650600623	0.0	0.27174847990508677	0.0	0.0	0.0	0.0	0.0	0.0	0.0	2.966038855109002e-05	0.0	5.932077710218004e-05	0.0	0.0	0.0	0.0	0.0	0.0	0.0	0.0	0.0	0.0	0.0	0.0	0.0	0.0	0.0	0.00014830194275545008	0.0	0.0	0.00029660388551090017	0.01649117603440605	0.0	0.0	2.966038855109002e-05	0.0	0.0	2.966038855109002e-05	0.0	0.0	0.0	0.0	0.0	0.0	0.0	0.0	0.001601660981758861	0.0	2.966038855109002e-05	0.0	0.0	2.966038855109002e-05	0.0	0.0	0.03526620198724603	0.0018982648672697612	0.0	0.0	0.0	0.0	0.0	0.0	0.0	0.00041524543971526026	0.0	2.966038855109002e-05	0.0	0.0	0.0	0.0	0.0	0.0	0.0	0.0	0.0	0.0	0.0	0.0	0.0	0.0	0.0	0.051045528696425924
StressDiet_39	0.0	0.00020578954589106874	0.00013719303059404582	0.0	0.0	0.0	0.0	0.0	0.0	0.0	0.00027438606118809165	0.0	0.0	0.0	0.0004458773494306489	0.005796405542598436	0.0	6.859651529702291e-05	0.0	0.0	0.0	0.0	0.0	3.4298257648511456e-05	0.0006173686376732062	0.001063245987103855	0.0	0.00034298257648511456	0.0	0.0	0.0	0.0	3.4298257648511456e-05	0.0	0.0	0.0	0.0	0.0	0.0	0.0	0.00013719303059404582	0.00010289477294553437	0.00020578954589106874	0.0	6.859651529702291e-05	0.0	0.0002400878035395802	6.859651529702291e-05	0.0	0.0	0.0	0.0	0.0	0.0	0.0004458773494306489	0.0	0.0	0.0035670187954451914	0.0	0.00013719303059404582	0.0	0.0	3.4298257648511456e-05	3.4298257648511456e-05	3.4298257648511456e-05	0.0	6.859651529702291e-05	0.0	3.4298257648511456e-05	0.0	0.0	0.0	0.0	0.0	0.0	0.0	0.0	0.0	0.0003086843188366031	0.0006859651529702291	0.9729386747153245	0.0	0.0003086843188366031	3.4298257648511456e-05	0.0	6.859651529702291e-05	0.0	3.4298257648511456e-05	0.0	0.0	0.00017149128824255728	0.0	0.0	0.0	0.0	0.0	0.0	0.0	0.0	0.0	0.0	0.0	3.4298257648511456e-05	0.0	0.0	0.0	0.0	0.0	0.0014405268212374811	0.0	0.0	0.00017149128824255728	0.006962546302647825	0.00013719303059404582	0.0	3.4298257648511456e-05	0.0	0.0003086843188366031	3.4298257648511456e-05	0.00017149128824255728	0.0	0.0	0.00013719303059404582	3.4298257648511456e-05	0.0	0.0	0.0	0.0	0.0	0.0005144738647276718	3.4298257648511456e-05	0.0	0.0	3.4298257648511456e-05	0.0	0.0005487721223761833	0.0	0.0	0.0	0.0	0.0	0.0	0.0	0.0	0.0	0.0	0.0003086843188366031	0.0	0.0	0.0	0.0	0.0	0.0	0.00027438606118809165	0.0	0.0	0.0	0.0	6.859651529702291e-05	0.0	0.0	0.0	0.0
StressDiet_4	0.0	0.0	0.0	0.0	0.0	0.0	0.0	0.0	0.0	0.0	0.0	0.00011275864013080002	0.0	0.0	0.0	0.00031008626035970005	0.0	0.0	0.0	0.0	0.0	0.0	0.0	0.0	0.0005919828606867001	0.0004228449004905001	0.0	0.0005637932006540001	0.0	0.0	0.0	0.0	0.0	0.0	0.0	0.0	0.0	0.0	0.0	8.456898009810002e-05	0.00028189660032700004	8.456898009810002e-05	0.00019732762022890005	0.0	5.637932006540001e-05	0.0	0.00016913796019620003	0.0	5.637932006540001e-05	0.0	0.003382759203924001	0.00014094830016350002	0.00011275864013080002	0.0	0.0007893104809156002	0.0	0.0	0.00019732762022890005	5.637932006540001e-05	2.8189660032700004e-05	0.0	0.0	0.0	0.0	0.00028189660032700004	0.0	0.0	0.0	2.8189660032700004e-05	0.0	0.0	0.0	0.0	0.0	0.0	0.0	0.0	0.0	5.637932006540001e-05	0.011219484693014602	0.0016068106218639004	0.8093815188588825	0.0007047415008175001	0.0	0.0	0.0	0.003354569543891301	0.0	0.0	0.0	2.8189660032700004e-05	0.0	0.0	0.0	0.0	0.0	0.0	0.0	2.8189660032700004e-05	0.0	0.0	0.0	0.0	2.8189660032700004e-05	0.0	0.0	0.0	0.0	5.637932006540001e-05	0.017308451260077802	0.0	2.8189660032700004e-05	0.00033827592039240007	2.8189660032700004e-05	0.0	2.8189660032700004e-05	0.0	0.0	0.0	0.00016913796019620003	5.637932006540001e-05	0.0	0.0004792242205559001	5.637932006540001e-05	2.8189660032700004e-05	0.0	0.0	5.637932006540001e-05	0.0	0.0002537069402943001	0.11834019281727462	0.0	8.456898009810002e-05	0.0	2.8189660032700004e-05	0.016011726898573605	0.0	0.0	0.0	0.0	0.0	0.0	0.0	0.0	2.8189660032700004e-05	0.0	0.00011275864013080002	0.0	0.0	0.0	0.0	0.0	0.0	0.011811467553701303	0.0	8.456898009810002e-05	0.0	0.0	0.0	0.00019732762022890005	0.0	5.637932006540001e-05	0.0
StressDiet_40	0.0	0.001111508078281926	7.939343416299472e-05	0.0	0.0	1.3232239027165787e-05	0.0	0.0	0.0	0.0	1.3232239027165787e-05	0.0	0.0	0.008878832387228242	0.0	0.008428936260304606	3.969671708149736e-05	0.0007542376245484498	2.6464478054331573e-05	0.0	0.0012173659904992525	0.000185251346380321	0.0	0.0	0.0012967594246622472	0.0014687785320154022	0.00033080597567914467	0.0010850436002275946	0.00014555462929882366	0.0006483797123311236	0.0	0.0	0.02483691265399018	0.0	0.000741005385521284	0.0	0.0	0.0	0.0004234316488693052	0.0002117158244346526	0.000992417927037434	0.0090111547774999	0.005094412025458828	0.0	0.02028502242864515	0.0	0.005107644264485994	0.0	2.6464478054331573e-05	0.0003837349317878078	0.0031228084104111256	0.0018922101808847075	0.00882590343111958	0.000992417927037434	0.018458973442896272	0.000370502692760642	0.0002646447805433157	0.002739073478623318	0.0	5.292895610866315e-05	0.0008865600148201077	0.0001058579122173263	0.0013893850978524075	0.00013232239027165786	0.0007807021026027814	0.0005028250830322999	0.0	0.0	5.292895610866315e-05	0.000370502692760642	0.000873327775792942	0.0	0.0	0.0003043414976248131	0.025101557434533496	0.0005292895610866314	2.6464478054331573e-05	0.0	0.002170087200455189	0.008693581040847921	0.0001058579122173263	0.008058433567543963	0.36190173739298426	0.0	0.0	0.0	0.00047636060497796833	0.0002911092585976473	0.0	0.0007145409074669524	1.3232239027165787e-05	0.00017201910735315524	0.001998068093102034	0.0	0.0	1.3232239027165787e-05	0.0	1.3232239027165787e-05	0.00047636060497796833	0.021317137072764083	0.00014555462929882366	0.0007674698635756156	0.0004895928440051341	0.0	0.0004498961269236367	0.0	0.0	7.939343416299472e-05	0.005345824566974978	0.00011909015124449208	0.0	0.06339565717915129	0.21179521786881558	6.616119513582893e-05	0.0	1.3232239027165787e-05	0.0	0.0002778770195704815	2.6464478054331573e-05	0.005041483069350165	0.0	0.0	0.0028449313908406443	0.004287245444801715	0.0	0.0	0.00015878686832598943	0.0002911092585976473	0.0	0.0005028250830322999	0.00015878686832598943	7.939343416299472e-05	0.005517843674328133	0.0	0.0	0.04685535839519405	0.00023818030248898416	9.26256731901605e-05	0.0008865600148201077	0.02563084699562013	0.0	0.001124740317309092	0.0003572704537334762	0.0023156418297540127	1.3232239027165787e-05	2.6464478054331573e-05	3.969671708149736e-05	1.3232239027165787e-05	0.0001058579122173263	0.0003043414976248131	0.005570772630436796	0.006245616820822251	0.0	0.027006999854445372	0.0	0.0	0.0	0.0	0.0031095761713839597	0.011168009738927924	0.0	1.3232239027165787e-05	0.0
StressDiet_41	0.0	0.0	9.277728811986825e-05	0.0	0.0	0.02857540474091942	0.0	0.0	0.0	0.0	0.0	0.0	0.0	0.0	0.0	0.05107389710998748	0.0	0.0	0.0	0.0	0.0	0.0019019344064572993	0.0	0.0	0.0	0.0	0.0	0.0	0.0	0.0	0.0	0.0	0.004314143897573874	0.0	0.0	0.0	0.0	0.0	0.0	0.0	0.0	0.0	9.277728811986825e-05	0.0	0.021988217284408775	0.0	0.0	0.0	0.0	0.0	0.0	0.0	4.6388644059934126e-05	0.0	0.0	4.6388644059934126e-05	0.0	0.001762768474277497	0.0	0.0	0.013127986268961358	0.008025235422368604	0.1796632184441249	0.0	0.0	0.0	0.0	0.0	0.0	0.0	0.0	0.0	0.0	0.0	0.0	0.0	0.0	0.0	0.0	0.02078211253885049	0.0006030523727791437	0.00013916593217980238	0.26974996520851696	0.0024122094911165747	0.0	0.0	4.6388644059934126e-05	0.0016699911861576286	0.0	0.0	0.0	0.0006494410168390778	0.0001855545762397365	0.0	0.0	0.0	0.0	0.0	0.0	0.0	9.277728811986825e-05	0.0	0.0	0.0	0.0	0.0	0.0	9.277728811986825e-05	0.012014658811522938	0.030848448299856196	0.0	0.0623927262606114	0.20874889826970358	0.0	0.0	0.0	0.0	0.0	0.0	0.0	0.0	0.0	0.0	0.0	0.0	0.0	0.0005566637287192095	0.0	0.0	0.00023194322029967065	0.00023194322029967065	4.6388644059934126e-05	0.0012988820336781557	0.0	0.0	0.04286310711137913	0.0	4.6388644059934126e-05	0.025745697453263442	0.0	0.0	0.006169689659971239	0.0	0.0	0.0006494410168390778	0.0	0.0	0.0	0.0	0.0	0.0	0.0	0.0	0.000695829660899012	0.0	0.0	0.0	0.0003247205084195389	0.0	0.0	0.0	0.0	0.0
StressDiet_42	0.0	3.3114775812967744e-05	0.0	0.0	0.0	0.0	0.0	0.0	0.0	0.0	3.3114775812967744e-05	0.0	0.0	0.0	0.0	0.0	0.0	0.0	0.0	0.0	0.0	0.0	0.0	0.0	0.0	0.0	0.0	0.0	0.0	0.0	0.0	0.0	0.0	0.0	0.0	0.0	0.0	0.0	0.0	0.0	0.0	0.0	0.00019868865487780648	0.0	3.3114775812967744e-05	0.0	0.0	0.0	0.0	0.0	3.3114775812967744e-05	0.0	0.0	0.0	0.0	0.0	0.0	3.3114775812967744e-05	0.0	0.0	0.00016557387906483874	0.0	3.3114775812967744e-05	0.0	0.0	0.0	0.0	0.0	0.0	0.0	0.0	0.0	0.0	0.0	0.0	0.0	0.0	0.0	0.0	0.005927544870521226	0.00029803298231670974	0.0	0.9851645804357905	0.006920988144910259	0.0	0.0	0.0	0.0	0.0	0.0	0.0	0.0	0.0	0.0	0.0	0.0	0.0	3.3114775812967744e-05	0.0	0.0	0.0	0.0	0.0	0.0	0.0	0.0	0.0	0.0	3.3114775812967744e-05	0.0	0.0	0.0	0.0007285250678852904	0.0	0.0	0.0	0.0	0.0	0.0	0.0	0.0	0.0	0.0	0.0	3.3114775812967744e-05	0.0	0.0	0.0	0.0	6.622955162593549e-05	3.3114775812967744e-05	0.0	0.0	0.0	0.0	0.00016557387906483874	0.0	0.0	0.0	0.0	0.0	0.0	0.0	0.0	0.0	0.0	3.3114775812967744e-05	0.0	0.0	0.0	0.0	0.0	0.0	0.0	0.0	0.0	0.0	0.0	0.0	0.0	0.0	0.0	0.0
StressDiet_43	0.0	0.0	0.0	0.0	0.0003594249201277955	0.0	0.0	0.0	0.0	0.0	0.0	0.0	0.0	0.0	0.0	0.00019968051118210862	0.0	0.0	0.0	0.0	0.0	0.0017971246006389776	0.0	0.0	0.0	0.0001597444089456869	0.0	3.9936102236421726e-05	0.0	0.0	0.0	0.0	0.0	0.0	0.0	0.0	0.0	0.0	0.0	0.0	0.0	0.0	0.001317891373801917	0.0	0.005351437699680511	0.0	0.0	3.9936102236421726e-05	3.9936102236421726e-05	0.0	0.0	0.0	0.00011980830670926518	0.0	7.987220447284345e-05	0.09868210862619808	0.0	0.0010383386581469649	3.9936102236421726e-05	3.9936102236421726e-05	0.00019968051118210862	0.0	0.0	0.0	0.0	0.0	3.9936102236421726e-05	0.0	0.00011980830670926518	0.0	0.0	0.0	0.0	0.0	0.0	0.0	0.0	0.0	0.0	0.0015575079872204472	0.8479233226837061	0.0	0.00023961661341853036	7.987220447284345e-05	0.0	0.0	0.0	0.0	0.0	0.0001597444089456869	7.987220447284345e-05	0.0	0.0	0.0	0.0	3.9936102236421726e-05	0.0	0.0	0.0	0.0	0.0	0.0	0.0	0.0	0.0	0.0	0.0	0.0	0.0006389776357827476	0.00023961661341853036	0.0	0.0005990415335463259	0.033905750798722045	0.0	3.9936102236421726e-05	7.987220447284345e-05	0.0	0.0	0.0	0.0	0.0	3.9936102236421726e-05	0.0	0.0	0.0	0.0	0.0	0.0	0.0	0.0005990415335463259	0.0011980830670926517	0.0	3.9936102236421726e-05	0.0	0.0	0.0005191693290734824	0.0	7.987220447284345e-05	0.0016373801916932907	0.0	0.0	3.9936102236421726e-05	0.0	0.0	0.0	0.0	0.00023961661341853036	0.0	0.0	0.0	0.0	7.987220447284345e-05	0.0	7.987220447284345e-05	0.0001597444089456869	0.0	0.0	0.0	0.0	0.0	0.0	3.9936102236421726e-05	0.0
StressDiet_44	0.0	0.0	0.0	0.0	0.0	0.0	0.0	0.0	0.0	1.7054660185895795e-05	0.0	0.0	0.0	0.0	0.0	5.1163980557687386e-05	0.0	0.0	0.0	0.0	0.0	1.7054660185895795e-05	0.0	0.0	0.0	0.0	0.0	0.0	0.0	0.0	0.0	0.0	6.821864074358318e-05	0.0	0.0	0.0	0.0	0.0	0.0	0.0	0.0	0.0	0.00028992922316022855	0.0	5.1163980557687386e-05	0.0	0.0	1.7054660185895795e-05	0.0	0.0	0.00020465592223074954	0.0	0.0	0.0	0.0	0.0	0.0	0.00023876524260254113	0.0	0.0	0.0	0.0	3.410932037179159e-05	0.0	0.0	0.0	0.0	0.0	0.0	0.0	0.0	0.0	0.0	0.0	0.0	0.0	0.0	0.0	0.0	0.00017054660185895795	0.0003581478639038117	6.821864074358318e-05	0.9968960518461669	3.410932037179159e-05	0.0	0.0	0.0	0.0	0.0	0.0	0.0	0.0	0.0	0.0	0.0	0.0	0.0	0.0	0.0	0.0	0.0	0.0	0.0	0.0	0.0	0.0	0.0	0.0	3.410932037179159e-05	0.0	0.0	0.0	0.000750405048179415	1.7054660185895795e-05	0.0	1.7054660185895795e-05	0.0	0.0	0.0	0.0	0.0	0.0	0.0	0.0	0.0	0.0	0.0	0.0	0.00020465592223074954	0.00011938262130127057	6.821864074358318e-05	3.410932037179159e-05	0.0	0.0	0.0	0.00017054660185895795	1.7054660185895795e-05	0.0	3.410932037179159e-05	0.0	0.0	0.0	0.0	0.0	0.0	0.0	0.0	0.0	0.0	0.0	0.0	0.0	0.0	0.0	0.0	0.0	0.0	0.0	0.0	0.0	0.0	0.0	1.7054660185895795e-05
StressDiet_45	0.0	0.00022637238256932655	0.00021222410865874363	0.0	0.0	0.0	0.0	0.0	0.0003537068477645727	0.0	1.414827391058291e-05	0.0	0.0	0.0	0.0	0.001230899830220713	0.0	1.414827391058291e-05	0.0	0.0	0.0	2.829654782116582e-05	0.0	0.0	0.0002829654782116582	4.244482173174873e-05	0.0	0.00022637238256932655	0.0	0.0	1.414827391058291e-05	0.0	0.0001414827391058291	0.0007074136955291454	0.0	5.659309564233164e-05	0.0	0.0	0.0	0.0004951895868704018	5.659309564233164e-05	5.659309564233164e-05	0.0013723825693265422	0.0	5.659309564233164e-05	1.414827391058291e-05	1.414827391058291e-05	0.0001414827391058291	0.0	0.0	0.0001839275608375778	0.0	8.488964346349746e-05	0.0	0.0001839275608375778	2.829654782116582e-05	0.0	0.0003254102999434069	1.414827391058291e-05	0.0	0.003706847764572722	2.829654782116582e-05	0.000311262026032824	0.0012167515563101302	0.0	0.0	1.414827391058291e-05	0.0005517826825127334	0.00977645727221279	0.0	0.0	0.0	0.0	2.829654782116582e-05	0.0	0.0004527447651386531	9.903791737408037e-05	0.00021222410865874363	8.488964346349746e-05	0.007314657611771364	0.7864883984153933	0.0010611205432937182	9.903791737408037e-05	0.12018958687040181	0.0	0.0013016411997736276	0.0006649688737973967	1.414827391058291e-05	0.00011318619128466328	1.414827391058291e-05	7.074136955291455e-05	0.0	4.244482173174873e-05	0.00025466893039049235	0.0	0.000622524052065648	0.0	0.00016977928692699492	0.0	0.0	0.0	0.0	4.244482173174873e-05	0.00019807583474816073	9.903791737408037e-05	0.0	0.0	0.0	0.0002829654782116582	0.00016977928692699492	4.244482173174873e-05	0.0068619128466327105	0.005164119977362762	0.0038058856819468026	0.0	0.00012733446519524617	0.0	0.0	0.0	0.00012733446519524617	1.414827391058291e-05	0.0009479343520090549	0.0	1.414827391058291e-05	2.829654782116582e-05	0.0006083757781550651	0.0	0.0	0.0	0.015789473684210527	0.006196943972835314	0.0014289756649688739	0.0	0.0	0.0	0.005489530277306169	0.0	1.414827391058291e-05	0.0017685342388228636	0.0	0.0	0.0	0.0036502546689303906	0.0	0.0	2.829654782116582e-05	0.00025466893039049235	0.0	0.0	0.0010045274476513865	0.0	7.074136955291455e-05	0.0	0.00022637238256932655	8.488964346349746e-05	0.001089417091114884	0.0006508205998868138	0.0	0.0	0.0	0.0	0.0022354272778721	0.0
StressDiet_46	0.0	0.0001349527665317139	3.3738191632928474e-05	3.3738191632928474e-05	0.0	0.0	0.0	3.3738191632928474e-05	3.3738191632928474e-05	0.0	0.0	0.00016869095816464237	0.0	0.0	0.0	0.00033738191632928474	0.0	0.001282051282051282	0.0	0.0	0.0	3.3738191632928474e-05	0.0	0.0	0.0033738191632928477	0.0007759784075573549	3.3738191632928474e-05	0.0022604588394062076	0.0	3.3738191632928474e-05	0.0	0.0	0.00016869095816464237	0.0	0.0	0.0	0.0	0.0	3.3738191632928474e-05	0.04409581646423752	0.0005398110661268556	0.000641025641025641	0.007017543859649123	0.0	0.00023616734143049932	0.0	0.000641025641025641	0.00037112010796221324	3.3738191632928474e-05	0.0	0.004757085020242915	0.00023616734143049932	0.0	0.0	0.005398110661268556	3.3738191632928474e-05	0.0	0.0020242914979757085	3.3738191632928474e-05	0.0002699055330634278	0.00010121457489878542	0.0	3.3738191632928474e-05	0.0	0.0005398110661268556	0.0	3.3738191632928474e-05	0.0	0.00033738191632928474	0.0	0.0	0.0	0.0	0.0021592442645074223	0.0	0.0002699055330634278	3.3738191632928474e-05	0.0	0.000641025641025641	0.009143049932523616	0.8720985155195682	0.00037112010796221324	0.0002699055330634278	6.747638326585695e-05	3.3738191632928474e-05	0.0	0.0	3.3738191632928474e-05	0.00016869095816464237	3.3738191632928474e-05	6.747638326585695e-05	0.0	0.0	6.747638326585695e-05	3.3738191632928474e-05	0.0	0.0	3.3738191632928474e-05	3.3738191632928474e-05	0.0	3.3738191632928474e-05	6.747638326585695e-05	0.00033738191632928474	0.00016869095816464237	0.0	0.0	0.0	0.0	0.0008097165991902834	3.3738191632928474e-05	0.0	0.0	0.014035087719298246	0.00016869095816464237	0.0	0.0001349527665317139	0.0	0.0	0.0005398110661268556	0.005398110661268556	3.3738191632928474e-05	0.0	0.0016194331983805667	0.000641025641025641	0.0	0.0	0.0	3.3738191632928474e-05	3.3738191632928474e-05	0.003036437246963563	0.00010121457489878542	0.00033738191632928474	0.0003036437246963563	3.3738191632928474e-05	0.0001349527665317139	0.004453441295546558	0.0	0.0	0.00016869095816464237	0.0	0.0	0.0	0.0	0.0	0.0	0.0	0.00010121457489878542	0.0	0.0	0.0006747638326585695	0.0	0.0	0.0	0.00354251012145749	0.0	0.00010121457489878542	0.0	0.0	0.00020242914979757084	0.00010121457489878542	0.0	0.0009109311740890688	0.0
StressDiet_47	0.0	2.5372982847863595e-05	0.0	5.074596569572719e-05	0.0	0.0	0.0	0.0	0.0	0.0	2.5372982847863595e-05	0.0	0.0	0.0	0.0	7.611894854359078e-05	0.0	0.0	0.0	2.5372982847863595e-05	0.0	0.0	0.0	0.0	0.0	0.0	0.0	0.0	0.0	0.0	0.0	0.0	7.611894854359078e-05	0.0	0.0	2.5372982847863595e-05	0.0	7.611894854359078e-05	0.0	5.074596569572719e-05	0.0	0.0	0.00017761087993504516	0.0	0.0	0.0	0.0	0.0006089515883487262	0.0	0.0	0.0	0.0	0.0	0.0	0.0	2.5372982847863595e-05	0.0	0.00020298386278290876	0.0	0.0	2.5372982847863595e-05	0.0	7.611894854359078e-05	0.0	0.0	0.0	0.00010149193139145438	0.0	0.0	0.0	0.0	0.0	0.0	0.0	0.0	5.074596569572719e-05	0.00012686491423931798	0.0	0.0	0.00022835684563077236	0.9946209276362529	7.611894854359078e-05	0.00027910281132649957	2.5372982847863595e-05	0.0	0.0	0.0	0.0	0.0	0.0	2.5372982847863595e-05	0.0	0.0	0.0	0.0	0.0	0.0	2.5372982847863595e-05	0.0	0.0	0.0	0.0	0.0	2.5372982847863595e-05	0.0	0.0	0.0	0.0	5.074596569572719e-05	0.0	0.0	0.0	0.0003044757941743631	5.074596569572719e-05	0.0	2.5372982847863595e-05	0.0	0.0	0.0	0.0	2.5372982847863595e-05	0.0	0.0	0.0	2.5372982847863595e-05	0.0	0.0	0.0	0.00012686491423931798	0.00027910281132649957	0.0	0.0007358165025880442	0.0	0.0	0.0	0.000811935451131635	0.0	0.0	2.5372982847863595e-05	0.0	0.0	0.0	0.0	0.0	0.0	0.0	7.611894854359078e-05	0.0	0.0	0.00012686491423931798	0.0	0.0	0.0	0.0	0.0	0.0	0.0	0.0	0.0	0.0	0.0	0.00020298386278290876	0.0
StressDiet_48	0.0	0.0	0.0	0.0	0.0	0.06583937994722955	0.0	0.0	0.0	0.0	4.122691292875989e-05	0.0	0.0	0.0	0.0	0.0	0.0	0.0	0.0	0.0	0.0	0.02378792875989446	0.0	0.0	0.0	0.0	0.0	0.0	0.0	0.0	0.0	0.0	0.0	0.0	0.0	0.0	0.0	0.0	0.0	0.0	0.0	0.0	0.0	0.0	0.011007585751978893	0.0	0.0	4.122691292875989e-05	0.0	0.0	0.0	0.0	0.0	0.0	0.0	0.05730540897097625	0.0	0.0	0.0	0.0	0.0	0.06818931398416886	0.1654848284960422	0.0	0.0	0.0	0.0	0.0	4.122691292875989e-05	0.0	0.0	0.0	0.0	0.0	4.122691292875989e-05	0.0	0.0	0.0	0.0	0.04287598944591029	0.0004947229551451188	0.0001236807387862797	0.20823713720316622	4.122691292875989e-05	0.0	0.0	0.0	0.0	0.0	0.0	0.0	0.0	0.0	0.0	0.0	0.0	0.0	0.0	0.0	0.0	0.0	0.0	0.0	0.0	0.010347955145118734	0.0	0.0	0.0	0.0	0.0	0.0	0.0	0.1622279023746702	0.0	0.0	0.0	0.0	0.0	0.0	0.0	0.0	0.0	0.0	0.0	0.0	0.0	0.0	0.0	0.0	0.0	0.0	0.0	0.0	0.0	0.0	0.06967348284960422	0.025972955145118732	0.0	0.0	0.0	0.0	0.0	0.0	0.0	0.00399901055408971	0.0	0.0	0.0	0.0	0.0	0.0	0.0	0.0	0.0	0.0	0.0	0.0	0.0	0.0	0.0	0.0	0.0	0.08422658311345646
StressDiet_49	0.0	3.800763953554664e-05	0.00022804583721327987	0.0	0.0	0.0	0.0	0.0	1.900381976777332e-05	0.0	7.601527907109328e-05	0.0	0.0	0.0	1.900381976777332e-05	0.00015203055814218657	0.0	0.0	0.0	1.900381976777332e-05	0.0	0.00015203055814218657	0.0	0.0	0.0	0.0	0.0	0.0	0.0	7.601527907109328e-05	0.0	0.0	7.601527907109328e-05	0.0	0.0	0.0	0.0	0.0	0.0	0.0	0.0	0.0	0.0007601527907109329	0.0	0.009977005378080994	0.0	0.0	1.900381976777332e-05	0.0	0.0	0.0	0.0	1.900381976777332e-05	0.0	1.900381976777332e-05	1.900381976777332e-05	0.0	0.00532106953497653	1.900381976777332e-05	0.0	7.601527907109328e-05	0.01326466619790578	0.31156762509264363	5.7011459303319967e-05	0.0	0.0	0.0	0.0	0.00020904201744550654	0.0	0.0	0.007259459151289409	0.0	0.0	0.0	0.0	0.0	1.900381976777332e-05	0.0	0.02569316432602953	0.0005701145930331996	0.005758157389635317	7.601527907109328e-05	0.5306626631953023	0.0	3.800763953554664e-05	0.0	0.00039908021512323976	0.0	3.800763953554664e-05	0.00013302673837441324	0.0	7.601527907109328e-05	0.0	0.0	0.00015203055814218657	0.0	0.0	0.0	0.0	0.0	0.0	0.0	0.0	0.0	0.0	0.0	0.0	0.00038007639535546643	0.0	0.0	7.601527907109328e-05	0.07721251971646301	1.900381976777332e-05	0.0	1.900381976777332e-05	0.0	0.0	0.0	0.0	0.0	3.800763953554664e-05	0.0	0.0	0.0	0.0	1.900381976777332e-05	0.0	1.900381976777332e-05	0.00020904201744550654	0.00047509549419433306	3.800763953554664e-05	0.0	0.0	0.0	0.0071454362326827696	0.0	0.0	0.0	0.0	0.0	1.900381976777332e-05	5.7011459303319967e-05	0.0	0.00030406111628437314	0.0	0.00011402291860663993	0.0	0.0	0.0	0.0	0.0	0.0	0.0007601527907109329	0.0	1.900381976777332e-05	0.0	0.0	0.0	0.0	0.0	0.0	1.900381976777332e-05
StressDiet_5	0.0	3.953350464518679e-05	0.00015813401858074717	0.0	0.0	0.0	0.0	0.0	0.0	3.953350464518679e-05	9.8833761612967e-05	0.0	1.9766752322593396e-05	0.0	0.0	0.00011860051393556039	0.0	0.0	0.0	0.0	0.0	1.9766752322593396e-05	0.0	0.0	3.953350464518679e-05	1.9766752322593396e-05	0.0	0.0	0.0	0.0	0.0	0.0	7.906700929037359e-05	1.9766752322593396e-05	0.0	0.0	0.0	0.0	0.0	0.0	0.0	0.0	0.0006127693220003953	0.0	0.0003360347894840878	0.0	0.0	1.9766752322593396e-05	0.0	0.0	0.0	0.0	0.0	0.0	0.0	0.0	0.0	0.0036963826843249654	5.9300256967780196e-05	0.0	3.953350464518679e-05	0.0	5.9300256967780196e-05	0.0	0.0	0.0	3.953350464518679e-05	0.0	3.953350464518679e-05	0.0	0.0	0.0	0.0	0.0	0.0	0.0	7.906700929037359e-05	0.0	0.0	0.0001383672662581538	0.9869539434670883	9.8833761612967e-05	9.8833761612967e-05	5.9300256967780196e-05	0.0	5.9300256967780196e-05	0.0	0.0	7.906700929037359e-05	0.0	5.9300256967780196e-05	0.0	0.0	0.0	0.0	7.906700929037359e-05	0.0	0.0	0.0	0.0	0.0	0.0	0.0	0.0	0.0	0.0	0.0	0.0	0.00035580154180668116	0.0005337023127100218	0.0	0.0	0.003459181656453845	0.00029650128483890096	0.0	1.9766752322593396e-05	0.0	0.0	0.0	0.0	0.0	5.9300256967780196e-05	0.0	1.9766752322593396e-05	0.0	0.0	1.9766752322593396e-05	0.0	0.0	0.0007511365882585491	0.0002569677801937142	3.953350464518679e-05	0.0	0.0002767345325163076	0.0	0.00035580154180668116	0.0	3.953350464518679e-05	1.9766752322593396e-05	0.0	0.0	0.0	0.0	0.0	0.0	0.0	7.906700929037359e-05	0.0	0.0	0.0	0.0	0.0	0.0	1.9766752322593396e-05	0.0	0.0	0.0	0.0	0.0	0.0	0.0	0.0001383672662581538	0.0
StressDiet_50	0.0	2.3008605218351662e-05	0.0007822925774239566	0.0	0.0	2.3008605218351662e-05	0.0	0.0	0.0	0.0	4.6017210436703324e-05	0.0	0.0	0.0	0.06686300676452993	0.0010353872348258248	0.0	0.0	0.0	0.0	0.0	0.0	0.0	0.0	0.0	0.0	0.0	0.0	0.0	0.0	0.0	0.0	6.9025815655055e-05	0.0	0.0	0.0	4.6017210436703324e-05	0.0	0.0	0.0	0.0	0.0	0.001495559339192858	0.0	0.009111407666467258	0.0	0.0	4.6017210436703324e-05	0.0	0.0	0.0	0.0	2.3008605218351662e-05	0.0	0.0	0.0	0.0	0.003359256361879343	0.0	0.0	0.0	2.3008605218351662e-05	6.9025815655055e-05	0.0	0.0	0.0	0.0	0.0	0.00013805163131011	0.0	0.0	0.0	0.0	0.0	0.0	0.0	4.6017210436703324e-05	0.0	0.0	0.10213519856426304	0.0003911462887119783	0.11221296764990106	0.0001840688417468133	0.14925682205144725	0.0	0.0	0.0	0.0	0.0	0.0	0.0	0.0	0.00023008605218351663	0.0	0.0	0.0	0.0	4.6017210436703324e-05	0.0	0.0	0.0	0.0	0.0	2.3008605218351662e-05	0.0	0.0	0.0	0.0	0.0012884818922276932	0.0	0.0	0.00011504302609175831	0.3644793152639087	0.0001840688417468133	0.0	0.0	0.0	0.0	0.0	0.0	0.0	0.0	0.0	0.0	0.0	0.0	0.0	0.0	0.0	0.00027610326262022	4.6017210436703324e-05	0.0	2.3008605218351662e-05	0.0	0.0	0.02282453637660485	0.0	0.0	0.0	0.0	0.0	0.0	0.0	0.0	0.0	0.0	0.0	0.0	0.0	0.0	0.0	0.0	0.0	0.0	0.0	0.0	0.0	0.0	0.0	0.0	0.0	2.3008605218351662e-05	0.16306198518245824
StressDiet_51	0.0	0.0	0.0	0.0	0.0	0.0	0.0	0.0	0.0	9.6174653170157e-05	0.00012021831646269625	0.0	0.0	0.0	0.0	4.80873265850785e-05	0.0	0.0	0.0	0.0	0.0	0.0	0.0	0.0	9.6174653170157e-05	0.0	0.0	0.0	0.0	2.404366329253925e-05	0.0	0.0	0.0	0.0	0.0	0.0	0.0	0.0	0.0	2.404366329253925e-05	0.0	0.0	0.00031256762280301026	0.0	2.404366329253925e-05	0.0	0.0	2.404366329253925e-05	0.0	0.0	4.80873265850785e-05	0.0	0.0	0.0	4.80873265850785e-05	0.0	0.0	0.00012021831646269625	2.404366329253925e-05	0.0	2.404366329253925e-05	0.003822942463513741	0.018561708061840303	0.0	0.0	0.0	0.0	0.0	0.0	0.0	0.0	0.0	0.0	0.0	0.0	0.0	0.0	0.0	0.0	0.18059195499026232	0.4146329734798394	0.0	0.3640210622490443	7.213098987761776e-05	0.0	0.0	0.0	0.0	0.0001442619797552355	0.0	0.0	0.0	0.0	0.0	0.0	0.0	0.0	0.0	0.0	0.0	0.0	0.0	0.0	2.404366329253925e-05	0.0	0.0	0.0	0.0	2.404366329253925e-05	0.0	0.0	0.0	0.0003366112860955495	0.0	0.0	2.404366329253925e-05	0.0	0.0	0.0	0.0	0.0	0.0	0.0	0.0	0.0	0.0	0.0	0.0	0.0	0.000192349306340314	0.0	4.80873265850785e-05	2.404366329253925e-05	0.0	0.0	0.0025245846457166215	0.01384915005650261	0.0	0.0	0.0	0.0	0.0	0.0	0.0	4.80873265850785e-05	0.0	0.0	0.0	0.0	0.0	0.0	0.0	0.0	0.0	0.0	0.0	0.0	0.0	0.0	0.0	0.0	2.404366329253925e-05	0.0
StressDiet_52	3.32016335203692e-05	0.00027668027933641003	0.0	0.0	0.0	0.0	0.0	0.00014387374525493321	0.0	0.0	0.0	0.0	0.0	0.0	1.1067211173456401e-05	0.00019367619553548702	0.0	0.0	0.0	1.1067211173456401e-05	0.0	0.0	0.0	1.1067211173456401e-05	1.1067211173456401e-05	0.0	0.0	0.0	0.0	1.66008167601846e-05	0.0	0.0	0.00011067211173456401	0.0	0.0	0.0	5.5336055867282006e-06	0.0	0.0	0.0	0.0	0.0	6.0869661454010206e-05	0.0	6.64032670407384e-05	0.0	0.0	2.2134422346912802e-05	0.0	0.0	0.0	0.0	1.1067211173456401e-05	0.0	0.0	0.0	0.0	0.00010513850614783581	0.0	0.0	2.2134422346912802e-05	3.8735239107097404e-05	0.00016047456201511782	0.0	0.0	0.0	5.5336055867282006e-06	0.0	5.5336055867282006e-06	0.0	0.0	0.0	0.00012173932290802041	0.0	0.0	0.0	0.0	0.0	0.0	0.005384198235886539	0.00011067211173456401	0.0	0.932141394689952	0.003176289606781987	0.0	0.0	0.0	0.0	0.0	0.0	2.7668027933641003e-05	0.0	0.0	0.0	0.0	1.66008167601846e-05	0.0	0.0	0.0	0.0	1.66008167601846e-05	0.0	0.0	1.66008167601846e-05	0.0	0.0	0.0	0.0	3.8735239107097404e-05	2.2134422346912802e-05	0.0	0.00011620571732129221	0.001377867791095322	5.5336055867282006e-06	0.0	1.66008167601846e-05	0.0	0.0	0.0	0.0	1.1067211173456401e-05	2.2134422346912802e-05	0.0	1.66008167601846e-05	0.0	0.0	0.0	5.5336055867282006e-06	0.00018260898436203062	3.8735239107097404e-05	1.1067211173456401e-05	7.193687262746661e-05	0.0	5.5336055867282006e-06	0.0	0.000498024502805538	0.055059375587945596	0.0	0.0	0.0	1.66008167601846e-05	0.0	1.1067211173456401e-05	0.0	0.0	0.0	4.9802450280553805e-05	0.0	0.0	1.1067211173456401e-05	0.0	0.0	0.0	0.0	0.0	4.4268844693825605e-05	0.0	0.0	0.0	0.0	0.0	5.5336055867282006e-06	2.7668027933641003e-05
StressDiet_53	0.0	4.875551546768728e-05	0.00021939981960459278	0.0	0.0009019770361522147	0.0006825772165476219	0.0	0.0	7.313327320153092e-05	0.0	0.0	0.0	0.0	0.0	0.0	0.009409814485263646	0.0	0.0	7.313327320153092e-05	0.0	0.0	7.313327320153092e-05	0.0	2.437775773384364e-05	0.0	0.0	0.0	0.0	0.0	2.437775773384364e-05	0.0	0.0	0.00475366275809951	0.0	0.0	0.0	0.0	0.0	0.0	0.0	0.0	0.0	0.0026084200775212695	0.0	0.0009019770361522147	2.437775773384364e-05	0.0	2.437775773384364e-05	2.437775773384364e-05	0.0	0.0	0.0	0.015284854099119963	0.00031691085053996734	2.437775773384364e-05	0.00021939981960459278	0.0002437775773384364	0.0022915092269813024	0.0	0.0	0.0005606884278784038	0.015650520465127618	0.3274907973964555	0.007874015748031496	0.0	0.0	0.0	0.0020721094073767096	0.011408790619438823	0.0	0.0	0.0	0.0	0.0	0.0	0.0	0.0	0.0	0.0	0.024475268764779016	0.0005363106701445601	0.0	0.33882645474269274	2.437775773384364e-05	0.0	0.0001218887886692182	2.437775773384364e-05	0.0	7.313327320153092e-05	2.437775773384364e-05	0.0001218887886692182	0.0	0.0	0.0	0.00017064430413690548	0.00026815533507228005	0.0	4.875551546768728e-05	0.0	0.0	0.0	0.0	0.0	0.0	2.437775773384364e-05	0.0	0.0	2.437775773384364e-05	0.0059237951293240046	0.00039004412374149826	0.0	0.0014382877062967749	0.03632285902342702	0.0	0.0005119329124107164	2.437775773384364e-05	0.0	0.0	0.0	0.0	0.0	2.437775773384364e-05	0.0	0.0	0.0	7.313327320153092e-05	2.437775773384364e-05	0.022598181419273056	2.437775773384364e-05	0.004656151727164135	0.0369810584822408	0.00019502206187074913	0.0	0.0	0.0	0.021135515955242438	0.09397625606396724	4.875551546768728e-05	0.0004631773969430292	0.0	0.0	0.0	0.0017308207991028985	0.0	4.875551546768728e-05	0.0	4.875551546768728e-05	0.0	2.437775773384364e-05	0.0	0.0	0.0004875551546768728	0.0	0.0	0.0	0.0009263547938860583	0.003461641598205797	4.875551546768728e-05	0.0	0.0	0.0	0.00034128860827381096	0.0
StressDiet_54	0.0	0.0	0.0	0.0	0.0	0.0001535272894757043	0.0	0.0	0.0	0.0	0.0	0.0	0.0	0.0	0.0	0.0003070545789514086	0.0	0.0	0.0	7.676364473785215e-05	0.0	0.0	0.0	0.0	0.0	0.0	0.0	0.0	0.0	0.0	0.0	0.0	7.676364473785215e-05	0.0	0.0	0.0	0.0	0.0	0.0	0.0	0.0	0.0	0.0005373455131649651	0.0	7.676364473785215e-05	0.0	0.0	0.0	0.0	0.0	0.0	0.0	0.0	0.0	0.0	0.00023029093421355647	0.0	0.0020726184079220083	0.0	0.0	0.0	0.008597528210639442	0.028556075842481002	0.0	0.0	0.0	0.0	0.0	0.0	0.0	0.0	0.0	0.0	0.0	0.0	0.0	0.0	0.0	0.0	0.004759345973746834	0.0013049819605434865	0.0005373455131649651	0.9394334843018346	0.0	0.0	0.0	0.0014585092500191909	0.0	0.0	0.0	0.0	0.0	0.0	0.0	0.0	0.0	0.0	0.0	0.0	0.0	0.0	0.0	0.0	0.0	0.0	0.0	0.0	0.0	0.0001535272894757043	0.0	0.0	0.0001535272894757043	0.004836109618484685	0.00023029093421355647	0.0	0.0	0.0	0.0	0.0	0.0	0.0	0.0	0.0	0.0	0.0	0.0	0.0	0.0	0.0	7.676364473785215e-05	0.0	7.676364473785215e-05	0.0	0.0	0.0	0.00606432793429032	0.0	0.0	0.0	0.0	0.0	0.00023029093421355647	0.0	0.0	0.0	0.0	0.0	0.0	0.0	0.0	0.0	0.0	0.0	0.0	0.0	0.0	0.0	0.0	0.0	0.0	0.0	0.0	0.0
StressDiet_55	0.0	0.0	0.0	0.0	0.0	0.0	0.0	0.0	0.0	0.0	2.3357391446523254e-05	0.0	0.0	0.0	0.0	0.00018685913157218603	0.0	0.0	0.0	2.3357391446523254e-05	0.0	0.0	0.0	0.0	0.0	7.007217433956976e-05	0.0	0.0	0.0	9.342956578609301e-05	7.007217433956976e-05	0.0	0.0	0.0	0.0	0.0	0.0	0.0	0.0	0.0	0.0	0.0	0.0	0.0	7.007217433956976e-05	0.0	0.0	0.0	0.0	0.0	2.3357391446523254e-05	0.0	4.671478289304651e-05	0.0	0.0	0.0	0.0	0.00028028869735827904	2.3357391446523254e-05	0.0	0.0017751617499357673	0.0006540069605026511	0.0037838974143367668	2.3357391446523254e-05	0.0	0.0	0.0	0.0	0.0008642234835213603	0.0	0.0	0.0	0.0	0.0	0.0	0.0	0.0	0.0	0.0	0.00046714782893046507	0.9176184803681124	2.3357391446523254e-05	0.00037371826314437206	0.0	0.0	0.0	0.0	0.0	2.3357391446523254e-05	0.0	0.00046714782893046507	0.0	0.0	2.3357391446523254e-05	0.0	0.00016350174012566278	0.0	0.0	0.0	0.0	0.0	0.0	0.0	4.671478289304651e-05	2.3357391446523254e-05	0.0	0.0	0.0	0.00011678695723261627	0.0	0.0	2.3357391446523254e-05	0.0018685913157218603	0.00032700348025132555	0.0	7.007217433956976e-05	0.0	0.0	0.0	0.0	0.0	0.0	0.0	0.0	0.0	0.0	0.0	0.0	0.0	0.0003036460888048023	0.0003970756545908953	0.0006306495690561278	2.3357391446523254e-05	2.3357391446523254e-05	0.0	0.0008408660920748371	0.06747950388900567	0.0	0.0	0.0	0.0	0.00011678695723261627	2.3357391446523254e-05	0.0	0.0	0.0	0.0003970756545908953	0.0	0.0	2.3357391446523254e-05	0.0	0.0	0.0	2.3357391446523254e-05	0.0	0.0	0.0	0.0	0.0	0.0	0.0	7.007217433956976e-05	0.0
StressDiet_56	0.0	0.0	3.895749737036893e-05	3.895749737036893e-05	0.0	0.0	0.0	0.0	0.0	0.0	3.895749737036893e-05	0.0	0.0	0.0	3.895749737036893e-05	0.0009739374342592232	0.0	0.0	0.0	0.0	0.0	0.0	3.895749737036893e-05	0.0	0.0	0.0	7.791499474073786e-05	7.791499474073786e-05	0.0	0.0	0.0	0.0	0.0007791499474073786	0.0	0.0	0.0	0.0	0.0	0.0	0.00011687249211110678	0.0	3.895749737036893e-05	0.0012855974132221747	0.0	7.791499474073786e-05	0.0	0.0	3.895749737036893e-05	0.0	0.0	0.00015582998948147572	0.0	7.791499474073786e-05	0.0	0.0	0.00035061747633332034	0.0	0.0008960224395184853	7.791499474073786e-05	0.0	0.00023374498422221355	0.00023374498422221355	0.0009739374342592232	3.895749737036893e-05	0.0	0.0	0.0	0.0	0.0	0.0	0.0	0.0	0.0	0.0	0.0	0.0	0.0	0.0	0.0	0.006116327087147921	0.955120963029335	0.0	0.007479839495110834	0.0019089173711480775	0.0	0.0	0.0006622774552962718	0.0	0.0	0.0	0.00019478748685184465	0.0	0.0	0.0	0.0	0.00011687249211110678	0.0	0.0	0.0	0.0	0.0	0.0	0.0	3.895749737036893e-05	0.0	0.0	0.0	0.0	0.0004674899684444271	0.0	0.0	0.0008960224395184853	0.0068954770345553	0.0006622774552962718	0.0	0.00011687249211110678	0.0	0.0	3.895749737036893e-05	0.0	0.0	0.0	0.0	0.0	0.00019478748685184465	0.0	0.0	0.00011687249211110678	0.0	0.001519342397444388	0.0	0.000545404963185165	0.0	0.0	0.0	0.003194514784370252	0.006505902060851611	0.0	0.0	0.0	0.0	0.0	0.0	0.0	0.0	3.895749737036893e-05	0.00019478748685184465	0.0	0.0	0.0	0.0	0.0	0.0	0.0	0.0	0.0	0.0	0.0	0.0	0.0	0.0	0.00019478748685184465	7.791499474073786e-05
StressDiet_57	0.0	0.0	0.0	0.0	0.0	0.0	0.0	0.0	0.0	0.0	0.00012826268197268004	0.0	0.0	0.0	0.0	3.206567049317001e-05	0.0	0.0	0.0	0.0	0.0	0.042166356698518564	0.0	6.413134098634002e-05	0.0	0.0	0.0	0.0	0.0	0.0	0.0	0.0	3.206567049317001e-05	0.0	0.0	0.0	0.0	0.0	0.0	0.0	0.0	0.0	6.413134098634002e-05	0.0	0.004392996857564292	0.0	0.0	3.206567049317001e-05	3.206567049317001e-05	0.0	0.0	0.0	0.0	0.0	0.0	0.11521195408195985	0.0	3.206567049317001e-05	0.0	0.0	0.0	0.011126787661129994	0.5076957609183608	6.413134098634002e-05	0.0	0.0	9.619701147951004e-05	3.206567049317001e-05	6.413134098634002e-05	0.0	0.0	0.0	0.0	0.0	0.0	0.0	0.0	0.0	0.0	0.02430577823382287	0.0005771820688770602	6.413134098634002e-05	0.00048098505739755016	0.17360354005002246	0.0	0.0	0.0	0.0	0.0	0.0	0.00016032835246585007	0.0	0.0	0.0	0.0	0.00038478804591804015	0.0	0.0	0.0	0.0	0.0	0.0	0.0	0.0	0.0	0.0	0.0	0.0	0.0	0.0	0.0	3.206567049317001e-05	0.014750208426858206	0.0	0.0	3.206567049317001e-05	0.0	0.0	0.0	0.0	0.0	0.0	0.0	0.0	0.0	0.0	0.0	0.0	0.0	9.619701147951004e-05	0.00022445969345219008	6.413134098634002e-05	0.0	0.0	0.0	0.004392996857564292	0.058776374013980635	0.0	0.02930802283075739	0.0	0.0	0.0	3.206567049317001e-05	0.0	0.006349002757647663	0.0	6.413134098634002e-05	0.005002244596934522	0.0	0.0	0.0	0.0	0.0	0.0	0.0	0.0	0.0	0.0	0.0	0.0	0.0	3.206567049317001e-05	0.0
StressDiet_58	0.0	0.0	0.0	0.0	0.0	0.00968321575935046	0.0	0.0	0.0	0.0	0.0	0.0	0.0	0.0	0.0	0.0	0.0	0.0	3.327565553041395e-05	0.0	0.0	0.009283907892985492	0.0	0.0	0.0	0.0	0.0	0.0	0.0	0.0	0.0	9.982696659124185e-05	6.65513110608279e-05	0.0	0.0	0.0	0.0	0.0	0.0	0.0	0.0	0.0	0.0	0.0	0.012678024757087715	0.0	0.0	0.0	0.0	0.0	0.0	0.0	0.0	0.0	0.0	0.04465592972181552	0.0	3.327565553041395e-05	0.0	0.0	0.00023292958871289765	0.0035604951417542927	0.03776786902701983	0.0003993078663649674	0.0	0.0	0.0	0.0	0.0	0.0	0.0	0.0	0.0	0.0	6.65513110608279e-05	0.0	0.0	0.0	0.0	0.01094769066950619	0.0004658591774257953	3.327565553041395e-05	0.1698056701717024	9.982696659124185e-05	0.0	0.0	0.0	0.0	0.0	0.00029948089977372555	0.0	0.0	0.0	0.004658591774257953	0.0	0.0	0.0	0.0	0.0	0.0	0.0	0.0	0.0	0.0	0.004691867429788367	0.0	0.0	3.327565553041395e-05	0.003460668175163051	0.0014308531878077999	0.0	0.029116198589112206	0.18950485824570745	0.0	0.0	0.0	0.0	0.0	0.0	0.0	0.0	0.0	0.0	0.0	0.0	0.008152535604951418	0.0	0.30633568481299084	0.0	0.0	0.0	9.982696659124185e-05	0.0	0.0	0.0	0.006588579795021962	0.0	0.0	0.0	0.0	0.0	0.002562225475841874	0.0	0.0	0.001397577532277386	0.0	0.0	0.020198322906961268	0.0	0.0	0.0	0.0	0.0	0.0001331026221216558	0.0	6.65513110608279e-05	0.0	0.0	0.0	0.0968321575935046	0.0	0.0	0.02452415812591508
StressDiet_59	8.421052631578948e-05	0.0001263157894736842	0.0	0.0	0.0	0.0	0.0	0.0	0.0	0.0	4.210526315789474e-05	0.0	0.0	0.0	0.0	0.006484210526315789	0.0	0.0	0.0	0.0	0.0	0.0001263157894736842	0.0	0.0	8.421052631578948e-05	4.210526315789474e-05	0.0	0.0	0.0	0.0	4.210526315789474e-05	0.0	0.0022315789473684212	4.210526315789474e-05	0.0	0.0	4.210526315789474e-05	0.0	4.210526315789474e-05	0.00016842105263157895	0.0	4.210526315789474e-05	0.0005052631578947368	0.0	0.0024421052631578948	0.0	4.210526315789474e-05	4.210526315789474e-05	0.0	0.0	0.0002105263157894737	0.0	0.0032842105263157896	4.210526315789474e-05	0.0003368421052631579	0.0	0.0	0.0009684210526315789	0.0	0.0	0.0024	0.009010526315789474	0.0688421052631579	0.0	4.210526315789474e-05	0.0	4.210526315789474e-05	0.0	0.0013894736842105264	0.0	0.0	0.0	0.0	0.0	0.0018105263157894736	0.0	0.0	0.0	0.0	0.06938947368421053	0.6301473684210527	0.1119157894736842	0.0004631578947368421	8.421052631578948e-05	0.0	0.0	0.0	0.0	0.0001263157894736842	0.0002526315789473684	0.00016842105263157895	0.0	0.0006736842105263158	0.0	4.210526315789474e-05	0.00037894736842105265	0.0	0.0	0.0	0.0	4.210526315789474e-05	0.0	0.0	0.0010105263157894737	0.0	0.0	0.0	0.0	0.0004631578947368421	0.0	4.210526315789474e-05	0.0023578947368421053	0.04917894736842105	0.00029473684210526316	0.0	0.0004631578947368421	0.0	0.0	0.0	0.0	0.0	8.421052631578948e-05	0.0	0.0	0.0	0.0	4.210526315789474e-05	0.0	0.0	0.0010526315789473684	0.0007157894736842105	0.0009684210526315789	0.0	0.0	0.0	0.0072	0.013936842105263157	8.421052631578948e-05	0.0	0.0	0.0	0.0	0.0	0.0	0.0004631578947368421	0.0	0.0001263157894736842	0.0	0.0	4.210526315789474e-05	0.0	4.210526315789474e-05	0.0	0.0004210526315789474	0.0	0.005936842105263158	0.00016842105263157895	4.210526315789474e-05	0.0	4.210526315789474e-05	0.0	0.0001263157894736842	0.0
StressDiet_6	0.0	0.0	0.0003151320689852747	0.0	0.0	0.0	0.0	0.0	0.0	0.0	0.00020053858935426574	0.0	0.0	0.0	0.0	0.0004010771787085315	0.0	0.0	0.0	0.0	0.0	0.0	0.0	0.0	5.72967398155045e-05	0.0	0.0	0.0	0.0	2.864836990775225e-05	0.0	0.0	0.0	0.0	0.0	0.0	0.0	0.0	0.0	0.0	0.0	0.0	5.72967398155045e-05	0.0	2.864836990775225e-05	0.0	0.0	0.0	0.0	0.0	8.594510972325674e-05	0.0	8.594510972325674e-05	0.0	0.0	2.864836990775225e-05	0.0	0.0016329570847418782	5.72967398155045e-05	0.0	0.0	0.0	0.000114593479631009	0.0	0.0	0.0	0.0	0.0	0.0	0.0	0.0	0.0	0.0	0.0	0.0	0.0	0.0	0.0	0.0	0.004440497335701598	0.0012032315361255944	0.8040737982008823	0.0004010771787085315	5.72967398155045e-05	0.0	0.0	0.0	0.0	0.0	0.0	0.0	0.0	0.0	0.0	0.0	0.0	0.0	0.0	0.0	0.0	0.0	0.0	0.0	2.864836990775225e-05	0.0	0.0	0.0020340342634504096	0.0	0.000114593479631009	0.0	0.0	2.864836990775225e-05	0.1838938864378617	2.864836990775225e-05	0.0	0.0	0.0	0.0	0.0	0.0	0.0	5.72967398155045e-05	0.0	0.0	0.0	0.0	0.0	0.0	0.0	0.0002864836990775225	0.0	8.594510972325674e-05	0.0	0.0	0.0	8.594510972325674e-05	0.0	0.0	0.0	0.0	0.0	0.0	0.0	0.0	0.0	0.0	2.864836990775225e-05	0.0	0.0	0.0	0.0	0.0	0.0	0.0	0.0	0.0	0.0	0.0	0.0	0.0	0.0	2.864836990775225e-05	2.864836990775225e-05
StressDiet_60	0.0	0.0	0.0	0.0	0.0	0.0	0.0	0.0	0.0	0.0	0.0	0.0	0.0	0.0	0.0	6.707807888382076e-05	0.0	0.0	6.707807888382076e-05	0.0	0.0	0.0	6.707807888382076e-05	6.707807888382076e-05	6.707807888382076e-05	0.0	0.0	0.0	0.0	0.0	0.0	0.0	0.00033539039441910385	0.0	0.0	0.0	0.0	0.0	0.0	0.0	0.0	0.0	0.00013415615776764153	0.0	0.0	0.0	0.0	0.0	0.0	0.0	0.0004024684733029246	0.0	0.0	0.0	0.0	0.00013415615776764153	0.0	0.0002012342366514623	6.707807888382076e-05	0.0	0.0	0.00013415615776764153	0.0010061711832573116	0.0	0.0	0.0	0.0	0.0	0.0	0.0	0.0	0.0	0.0	0.0	0.0	0.0	0.0	0.0	0.0	0.001408639656560236	0.0006707807888382077	0.0002012342366514623	0.9920177086128253	0.0	0.0	0.0	0.0	0.0	0.0	0.0	0.00013415615776764153	0.0	6.707807888382076e-05	0.0	0.0	0.0	0.0	0.0	0.0	0.0	0.0	0.0	0.0	0.0	0.0	0.0	0.0	0.0	0.0004024684733029246	0.0	0.0	0.0	0.00087201502548967	0.00013415615776764153	0.0	0.0	0.0	0.0	0.0	0.0	0.0	0.0	6.707807888382076e-05	0.0	0.0	0.0	0.0	0.0	0.0	0.0	0.00013415615776764153	0.00013415615776764153	0.0	0.0	0.0	0.00033539039441910385	0.0004024684733029246	0.0	0.0	0.0	0.0	0.0	0.0	0.0	0.0	0.0	0.00013415615776764153	0.0	0.0	0.0	0.0	0.0	0.0	0.0	0.0	0.0	0.0	0.0	0.0	6.707807888382076e-05	0.0	0.0	6.707807888382076e-05
StressDiet_61	0.0	0.0	0.0	0.0	0.0	0.02653197833627457	0.0	0.0	0.0	0.0	0.0	0.0	0.0	0.0	0.0	0.00024341264528692264	0.0	0.0	0.0	0.0	6.085316132173066e-05	0.0007910910971824987	0.0	0.0	0.0	0.0	0.0	0.0	0.0	0.0	0.0	0.0	0.0	0.0	0.0	0.0	0.0	0.0	0.0	0.0	0.0	0.0	6.085316132173066e-05	0.0	0.002190713807582304	0.0	0.0	0.0	0.0	0.0	0.0	0.0	0.0	0.0	0.0	0.003468630195338648	0.0	0.0003042658066086533	0.0	0.0	0.0	0.020811781172031887	0.15961784214689953	0.0	0.0	0.0	0.0	0.0	0.0	0.0	0.0	0.0	0.0	0.0	0.0	0.0	0.0	0.0	0.0	0.05178604028479279	0.00042597212925211465	0.0	0.4556076188157975	0.006876407229355565	0.0	0.0	0.0	0.0	0.0	0.0	0.0	0.0	0.0	0.05714111848110509	0.0	0.0	0.0	0.0	0.0	0.0	0.0	0.0	0.0	0.0	0.0	0.0	0.0	0.0	0.00042597212925211465	0.000365118967930384	0.0	0.0	0.01107527536055498	0.0	0.0	0.0	0.0	0.0	0.0	0.0	0.0	0.0	0.0	0.0	0.0	0.0	0.0	0.0	0.0	0.0	0.0	0.0004868252905738453	0.0	0.0	0.0	0.06432179151706931	0.005355078196312298	0.0	0.0	0.0	0.0	0.0	0.0	0.0	0.00012170632264346132	0.0	0.00012170632264346132	0.00012170632264346132	0.0	0.0	0.0	0.0	0.0	0.0	0.0	0.0	0.0	0.0	0.0	0.0	0.0	0.0	0.13168624110022514
StressDiet_62	0.0	0.00034950370473927023	0.0001398014818957081	0.0	0.0	0.0	0.0	0.0	0.0	6.990074094785405e-05	0.0	0.0	0.0	0.0	0.0	0.0006291066685306865	0.0	0.0	0.0	0.0	0.0	0.0	0.0	0.0	0.0	0.0	0.0	0.0	0.0	6.990074094785405e-05	0.0	0.0	0.0001398014818957081	0.0	0.0	0.0	0.0	0.0	0.0	0.0293583111980987	0.0	0.0	0.0037746400111841184	0.0	0.0009087096323221026	0.0	0.0	0.0001398014818957081	0.0	0.0	0.0	0.0	0.0001398014818957081	0.0	0.0	0.0	0.0	0.0020271214874877674	0.0001398014818957081	0.0	0.0	0.0	0.0	0.0	0.0	0.0	0.0	0.0	6.990074094785405e-05	0.0	0.0	0.0	0.0	0.0	0.0	0.0	0.0	0.0	0.0	0.001258213337061373	0.0009087096323221026	6.990074094785405e-05	0.9403047672305327	0.0	0.0	0.0	0.0	0.0	0.0001398014818957081	6.990074094785405e-05	0.0	0.0	0.0	0.0	0.0	0.0	0.0	0.0	0.0	0.00034950370473927023	0.0	0.0	0.0	0.0	0.0	0.0	0.0	0.0	0.0002796029637914162	0.0001398014818957081	0.0	6.990074094785405e-05	0.0138403467076751	0.0	0.0	0.0	0.0	0.0	0.0	0.0	0.0	0.0	0.0	0.0	0.0	0.0	0.0	0.0	0.0001398014818957081	0.001957220746539913	0.0	0.0	0.00041940444568712426	0.0	0.0	0.001537816300852789	0.0	0.0	0.0	0.0	0.0	0.0	0.0	0.0	0.0	0.0	0.0	0.0	6.990074094785405e-05	0.0	0.0	0.0	0.0	0.00020970222284356213	0.0	0.0	0.0	0.0	0.0	0.0	0.0	0.0002796029637914162	0.0
StressDiet_63	0.0	0.0	0.0	0.0	0.0	0.00031133250311332503	0.0	0.0	0.0	0.0	0.00020755500207555002	0.0	0.0	0.0	0.0	0.0036322125363221253	0.0	0.0	0.0	0.0	0.00031133250311332503	0.0005188875051888751	0.0	0.0	0.0	0.00010377750103777501	0.0	0.00010377750103777501	0.0	0.0005188875051888751	0.0	0.0	0.039435450394354504	0.0	0.0	0.0	0.0	0.00031133250311332503	0.0	0.0	0.0	0.0	0.0029057700290577005	0.0	0.013906185139061852	0.0	0.0	0.0	0.0	0.0	0.0	0.0	0.00020755500207555002	0.0	0.0	0.0	0.0	0.014425072644250726	0.0	0.0	0.022000830220008302	0.00031133250311332503	0.0005188875051888751	0.0	0.0	0.0	0.0	0.0	0.00020755500207555002	0.0	0.0	0.0	0.0	0.0	0.0012453300124533001	0.0	0.0	0.0	0.0	0.08125778331257784	0.09070153590701537	0.0	0.5256330427563304	0.0035284350352843504	0.0	0.0	0.0	0.0020755500207555004	0.0	0.0010377750103777502	0.0	0.0	0.00010377750103777501	0.0	0.0	0.0	0.0	0.00010377750103777501	0.0	0.0	0.0007264425072644251	0.0	0.0	0.0	0.00010377750103777501	0.0	0.0	0.0	0.004669987546699875	0.00041511000415110004	0.0	0.0007264425072644251	0.14196762141967623	0.00020755500207555002	0.0	0.0	0.0	0.0	0.0	0.0	0.0	0.0	0.00010377750103777501	0.0	0.0	0.0	0.0	0.0	0.0	0.0013491075134910752	0.0	0.00311332503113325	0.00031133250311332503	0.0	0.0	0.007990867579908675	0.02968036529680365	0.0	0.0	0.0	0.0	0.0	0.0	0.0	0.0	0.0	0.00010377750103777501	0.0	0.00010377750103777501	0.0	0.0	0.0	0.0	0.00041511000415110004	0.0	0.00041511000415110004	0.0	0.0	0.001141552511415525	0.00031133250311332503	0.0	0.0005188875051888751	0.0
StressDiet_64	0.0	0.0	0.0005055611729019212	3.370407819346141e-05	0.0	0.0	0.0	0.0	0.0	0.0	0.00016852039096730705	0.0	0.0	0.0	0.0005055611729019212	0.004482642399730367	0.0	0.0	0.0	0.0	0.0	3.370407819346141e-05	0.0	3.370407819346141e-05	0.0	0.0	0.0	3.370407819346141e-05	0.0	0.0	0.0	0.0	0.0	0.0	0.0	0.0	0.0	0.00010111223458038423	0.0	0.0	0.0	0.0	0.01863835524098416	0.0	0.0002696326255476913	3.370407819346141e-05	0.0	0.0	0.0	0.0	0.00013481631277384565	0.0	0.0003707448601280755	0.0	0.0	0.0	0.0	0.0100438153016515	0.0	0.0	0.0	0.0	0.0	0.0	0.0	0.0	0.00010111223458038423	0.0	0.0	0.0	0.0	0.0	0.0	0.0	0.0	0.0	0.0	0.0	0.0	0.0024266936299292214	0.9144927536231884	3.370407819346141e-05	3.370407819346141e-05	3.370407819346141e-05	0.0	0.0	0.0	0.0	0.0	0.0	0.0004718570947084597	0.0	6.740815638692282e-05	0.0	0.0	0.0	0.0	0.0	0.0	0.0	0.0	0.0	0.0	0.0	0.0	0.0	0.0	0.0	0.00023592854735422986	0.0	0.0	6.740815638692282e-05	0.00741489720256151	0.0006740815638692282	0.0	0.00013481631277384565	0.0	0.0	0.0	0.0	6.740815638692282e-05	0.0	0.0	0.0	0.00010111223458038423	0.0	0.0	0.0	0.0	0.026592517694641053	0.0014492753623188406	0.0002696326255476913	0.0	0.0	0.0	0.003067071115604988	0.0	0.0	0.00023592854735422986	0.0	0.0	0.0	3.370407819346141e-05	0.0	0.0	0.0	0.00010111223458038423	0.0	0.00016852039096730705	0.0	0.0	0.0	0.0	0.0	3.370407819346141e-05	0.0008088978766430738	0.0	0.0	0.0	0.0	0.0	0.00549376474553421	0.0
StressDiet_65	0.0	0.0	0.0001763046544428773	0.0	0.0	0.003437940761636107	0.0	0.0	0.0	0.0	8.815232722143864e-05	0.0	0.0	0.0	0.0003526093088857546	0.02679830747531735	0.0	0.0	0.0	0.0	0.0	0.0342031029619182	0.0	0.0001763046544428773	0.0	0.0	0.0	0.0	0.0	0.0	0.0	0.0	0.004143159379407616	0.0	0.0	0.0	0.0	0.0	0.0	8.815232722143864e-05	0.0	0.0	0.0006170662905500705	0.0	0.00784555712270804	0.0	0.0	0.0	0.0	0.0	0.2579337094499295	0.0	0.0	0.0001763046544428773	0.0	0.24911847672778561	0.0	0.007404795486600846	0.0	0.0	0.0	0.016572637517630464	0.21985190409026797	0.0	0.0	0.0	0.0	0.0	0.0	0.0	0.0	0.0	0.0	0.0	0.0	0.0	0.0	0.0	0.0	0.0001763046544428773	0.0010578279266572638	0.0	0.00026445698166431596	8.815232722143864e-05	0.0	0.0	0.0	8.815232722143864e-05	0.0	0.0	0.0	0.0	8.815232722143864e-05	0.0	0.0	0.0	0.0	0.0	0.0	0.0	0.0	0.0	0.0	0.0	0.0	0.0	0.0	0.0	0.005729901269393512	0.0	8.815232722143864e-05	0.013487306064880113	0.06629055007052186	0.0001763046544428773	0.0001763046544428773	0.0	0.0	0.0	0.0	0.0	0.0	0.0	0.0	0.0	0.00026445698166431596	0.0	0.0	0.0	0.0	0.007052186177715092	0.001234132581100141	0.0003526093088857546	0.0	0.0	0.0	0.009167842031029619	0.04619181946403385	0.0	0.0	0.0	0.0	0.0	0.0	0.0	0.009344146685472496	0.0	0.0	0.0	0.0	0.008110014104372355	0.0	0.0	0.0	0.001498589562764457	0.0	0.0	0.0	0.0	0.0	0.0	0.0	0.0	8.815232722143864e-05
StressDiet_66	0.0	4.374835943652113e-05	0.0003937352349286902	4.374835943652113e-05	0.0	0.0	0.0	0.0	0.0	0.0	0.0	0.0	0.0	0.0	0.0	0.003674862192667775	0.0	0.00021874179718260565	0.0	0.0	0.0	0.0	0.0	0.0	0.00021874179718260565	0.0006562253915478169	0.0	0.0004374835943652113	4.374835943652113e-05	0.0	0.0	0.0	4.374835943652113e-05	0.0	0.0	0.0	0.0	0.0	0.0	0.0	0.0	4.374835943652113e-05	0.0011812057047860705	0.0	0.0013561991425321551	0.0	0.0001312450783095634	0.00030623851605564794	0.0	0.0	0.0008749671887304226	0.0	0.0	0.0	0.0002624901566191268	0.0	0.0	0.006649750634351212	0.0	8.749671887304226e-05	4.374835943652113e-05	4.374835943652113e-05	0.0002624901566191268	8.749671887304226e-05	0.00017499343774608452	0.0	4.374835943652113e-05	0.0	0.0002624901566191268	0.0	0.0	0.0	0.0	0.0	0.0	0.0	4.374835943652113e-05	0.0	8.749671887304226e-05	0.012949514393210255	0.9392772771021086	0.0	8.749671887304226e-05	0.005599790007874705	0.0	4.374835943652113e-05	0.0	0.0	0.00030623851605564794	0.0	0.0001312450783095634	0.0	0.0	0.0	0.0	0.0004374835943652113	0.0	0.0	0.0	0.0	0.0	0.0	0.0	0.0001312450783095634	0.0	0.0	0.0	0.0	0.0011812057047860705	0.0	0.0	4.374835943652113e-05	0.014961938927290227	0.0002624901566191268	0.0	0.0	0.0	0.0001312450783095634	0.0	0.0	0.0	0.0006562253915478169	0.0001312450783095634	4.374835943652113e-05	0.0	4.374835943652113e-05	0.0	0.0	0.0	0.0012687024236591128	0.0006562253915478169	0.00030623851605564794	0.0005687286726747747	0.0	0.0	0.0010937089859130282	0.0	0.0	0.00034998687549216904	0.0	0.0	0.0	8.749671887304226e-05	0.0	0.0	0.0	4.374835943652113e-05	0.0	0.0	0.0	0.0	0.0	0.0	0.0007874704698573804	4.374835943652113e-05	0.00021874179718260565	8.749671887304226e-05	0.0	0.0	0.0	0.0	0.00034998687549216904	0.0
StressDiet_67	0.0	0.0	4.2335210194318616e-05	0.0	0.0	0.0	0.0	0.0	0.0	0.0	0.0	0.0	0.0	0.0	0.0	0.0019050844587443377	0.0	0.0	0.0	0.0	0.0	0.0	0.0	8.467042038863723e-05	8.467042038863723e-05	0.0	0.0	0.0	0.0	0.0	4.2335210194318616e-05	0.0	0.0008043689936920536	0.0	0.0	0.0	0.0	0.0	0.0	0.0907666906566191	0.0	0.0	4.2335210194318616e-05	0.0	0.00033868168155454893	4.2335210194318616e-05	0.0	0.0	4.2335210194318616e-05	0.0	8.467042038863723e-05	0.0	0.0	0.0	0.0	0.0	0.0	0.00397950975826595	0.0	0.0	4.2335210194318616e-05	0.0	4.2335210194318616e-05	0.0	0.0	0.0	0.0	0.0	4.2335210194318616e-05	0.0	0.0	0.0	0.0	0.0	0.0	0.0	4.2335210194318616e-05	0.0	0.0	0.01193852927479785	0.8715549722704373	0.0	0.00016934084077727446	0.0	0.0	0.0	0.0	0.0	8.467042038863723e-05	0.0	0.0	0.0	0.0	0.0	0.00016934084077727446	0.0	0.0	8.467042038863723e-05	0.0	0.0	0.00046568731213750476	0.0	0.0	4.2335210194318616e-05	0.0	0.0	0.0	0.0	0.0013547267262181957	0.0	0.0	0.0	0.007705008255365988	4.2335210194318616e-05	0.0	4.2335210194318616e-05	0.0	0.0	0.0	0.0	0.0	0.0	0.0	0.0	4.2335210194318616e-05	0.0	0.0	0.0	0.0	0.00038101689174886754	0.0	8.467042038863723e-05	0.0	0.00016934084077727446	0.0	0.006265611108759155	0.0	4.2335210194318616e-05	0.00038101689174886754	0.0	0.0	0.0	0.0	0.0	0.0	0.0	0.00021167605097159307	0.0	0.0	0.0	0.0	0.0	8.467042038863723e-05	0.0	8.467042038863723e-05	0.00016934084077727446	0.0	0.0	0.0	0.0	0.0	0.0	0.0
StressDiet_68	0.0	0.0	0.002925687536571094	0.0	0.0001950458357714063	0.0	0.0	0.0	0.0	0.0	7.314218841427736e-05	0.0	0.0	0.0	0.0	0.00026818802418568366	0.0	0.0	7.314218841427736e-05	0.0	0.0	0.003535205773356739	0.0	0.0	0.0	0.008240686561341916	0.0	0.0	0.0	0.0	0.0	0.0	0.00012190364735712892	0.0	0.0	0.0	0.0	0.0	0.0	0.027038228983811197	0.0	0.0	0.0004388531304856641	0.0	0.012409791300955724	0.0	0.0	2.4380729471425787e-05	0.0009264677199141799	0.0	0.0001950458357714063	0.0	0.0	0.0	0.0	0.026696898771211234	0.0	0.04993173395748001	2.4380729471425787e-05	0.0	0.0	0.006485274039399259	0.11132241076653013	0.0001462843768285547	0.0	0.0	0.0	0.0	0.0	0.0	0.0	0.0	0.0	0.0	0.0	0.0	0.0	0.0	0.0	0.01930953774136922	0.4593573239711332	0.017383460113126584	0.00021942656524283206	0.0	0.0	0.0	0.0006582796957284962	0.0	0.0	0.0	4.876145894285157e-05	0.0	0.0005851375073142189	0.014579676223912619	2.4380729471425787e-05	2.4380729471425787e-05	0.0	0.0	0.0	0.0	0.0	0.0	0.0	0.0	0.0	0.0	0.0	0.0015603666861712503	0.04003315779208114	0.014360249658669787	0.0	2.4380729471425787e-05	0.13070509069631364	2.4380729471425787e-05	0.0	0.0	0.0	0.0	0.0	0.0	0.0	0.0	0.0	0.0	0.0	0.0	2.4380729471425787e-05	0.0	0.0	0.000560756777842793	0.022771601326311685	0.00012190364735712892	0.00012190364735712892	0.0	0.0	0.008070021455041935	0.0	0.0001950458357714063	0.014945387165984007	0.0	0.0	0.0	2.4380729471425787e-05	0.0	0.000682660425199922	0.0	4.876145894285157e-05	0.0	0.0	4.876145894285157e-05	0.0	0.0	0.0	0.0007801833430856252	0.001584747415642676	0.0	0.0	0.0	0.0	0.0	0.0	4.876145894285157e-05	0.0
StressDiet_69	0.0	2.238889510802642e-05	0.0	0.0	0.0	2.238889510802642e-05	0.0	0.0	0.0	2.238889510802642e-05	0.0	0.0	0.0	0.0	0.0	0.0007388335385648718	0.0	0.0	0.0	4.477779021605284e-05	0.0	0.0	0.0	0.0	0.0001343333706481585	0.00022388895108026418	0.0	2.238889510802642e-05	0.0	0.0	0.0	0.0	2.238889510802642e-05	0.0	0.0	0.0	0.0	0.0	0.0	0.0	2.238889510802642e-05	0.0	0.0	0.0	4.477779021605284e-05	0.0	2.238889510802642e-05	2.238889510802642e-05	0.0	0.0	0.0	0.0	2.238889510802642e-05	0.0	6.716668532407925e-05	2.238889510802642e-05	0.0	0.00040300011194447554	4.477779021605284e-05	0.0	0.0	0.0	0.0	0.0	8.955558043210568e-05	0.0	0.0	0.0	2.238889510802642e-05	0.0	0.0	0.0	0.0	0.0	0.0	0.0	0.0	0.0	4.477779021605284e-05	0.0008060002238889511	0.9929027202507557	0.0006045001679167133	2.238889510802642e-05	6.716668532407925e-05	0.0	0.0	0.0	0.0	0.0	4.477779021605284e-05	6.716668532407925e-05	0.0	0.0	0.0	2.238889510802642e-05	0.0	0.0	2.238889510802642e-05	0.0	0.0	2.238889510802642e-05	0.0	0.0	0.0	0.0	0.0	0.0	4.477779021605284e-05	0.0012537781260494795	0.0	0.0	0.0003358334266203963	0.0008731669092130304	2.238889510802642e-05	0.0	0.0	0.0	0.0	0.0	4.477779021605284e-05	0.0	2.238889510802642e-05	6.716668532407925e-05	4.477779021605284e-05	4.477779021605284e-05	0.0	0.0	0.0	0.0	0.0	0.0	2.238889510802642e-05	0.0	0.0	0.0	0.00022388895108026418	0.0	0.0	0.0	0.0	0.0	0.0	0.0	0.0	0.0	0.0	0.00011194447554013209	0.0	0.0	0.0	0.0	0.0	0.0	0.0001343333706481585	0.0	0.0	0.0	0.0	0.0	6.716668532407925e-05	0.0	2.238889510802642e-05	0.0
StressDiet_7	0.0	2.003312142742668e-05	2.6710828569902237e-05	0.0	6.677707142475559e-06	0.0	0.0	0.0	0.0	0.0	1.3355414284951119e-05	0.0	0.0	0.0	6.677707142475559e-06	0.0005275388642555692	0.0	0.0	0.0	0.0	0.0	9.348789999465784e-05	0.0	0.0	6.677707142475559e-06	0.0	0.0	6.677707142475559e-06	0.0	0.0	0.0	0.0	0.00019365350713179122	0.0	0.0	0.0	1.3355414284951119e-05	0.0	0.0	0.0	0.0	0.0	0.00010016560713713339	0.0	0.000393984721406058	0.0	0.0	3.33885357123778e-05	4.006624285485336e-05	0.0	6.677707142475559e-06	0.0	2.003312142742668e-05	3.33885357123778e-05	0.0	8.013248570970672e-05	0.0	0.0011418879213633208	0.0	0.0	0.0008747796356642983	0.005662695656819275	0.035725733212244246	0.0006944815428174582	0.0	0.0	0.0	9.348789999465784e-05	0.003565895614081949	0.0	0.0	0.0	0.0	0.0	0.000514183449970618	0.0	0.0	6.677707142475559e-06	0.0	0.16200117527645708	0.28318820449810356	0.0001335541428495112	0.4694628452374593	0.000560927399967947	0.0	9.348789999465784e-05	0.0	0.0	1.3355414284951119e-05	8.681019285218228e-05	6.677707142475559e-06	0.0	0.0	0.0	0.0	0.00032720764998130244	0.0	1.3355414284951119e-05	0.0	0.0	0.00017362038570436456	0.0	0.0	3.33885357123778e-05	0.0	0.0	0.0	3.33885357123778e-05	0.0019031465356055344	0.00017362038570436456	0.0	0.0010817885570810406	0.007378866392435493	2.003312142742668e-05	0.0	1.3355414284951119e-05	0.0	0.0	0.0	0.0	0.0	0.000333885357123778	0.0	0.0	0.0	0.0	6.677707142475559e-06	0.0	6.677707142475559e-06	0.0006477375928201293	0.0027311822212725038	4.674394999732892e-05	0.00020033121427426678	6.677707142475559e-06	0.0	0.006971526256744485	0.010931406592232492	6.677707142475559e-06	0.0003205299428388269	0.0	0.0	6.677707142475559e-06	0.00016026497141941344	0.0	2.003312142742668e-05	1.3355414284951119e-05	5.3421657139804475e-05	0.0	0.0	0.0	0.0	0.00022036433570169346	0.0	5.3421657139804475e-05	0.0	0.00012019872856456007	0.00025375287141407127	0.0	0.0	0.00016026497141941344	0.0	0.00012687643570703563	0.0
StressDiet_70	0.0	4.2859591976684385e-05	0.0010714897994171095	0.0	0.0	0.00012857877593005313	0.0	0.0	0.0	0.0	0.0	0.0	0.0	0.0	0.030258871935539174	0.020958340476598662	0.0	0.0	0.0	8.571918395336877e-05	0.0	0.0006428938796502658	0.0	0.0	8.571918395336877e-05	0.0	0.0	0.0	0.0	0.0	0.0	0.0	8.571918395336877e-05	0.0	0.0	0.0	0.0	0.0	0.0	0.0	0.0	0.0	0.00205726041488085	0.0	0.013415052288702212	0.0	0.0	0.0	0.0	0.0	0.0	0.0	0.0	0.00017143836790673754	0.0	0.5617606720384022	0.0	0.006043202468712498	0.0	0.0	0.004200240013715069	0.0	0.00012857877593005313	0.0	0.0	0.0	4.2859591976684385e-05	0.0	0.0	0.0	0.0	0.0	0.0	0.0	0.0	0.0	0.0	0.0	0.0	8.571918395336877e-05	0.004671695525458598	0.00012857877593005313	0.0003428767358134751	0.00017143836790673754	0.0	0.0	0.05537459283387622	0.00021429795988342192	0.0	4.2859591976684385e-05	0.00030001714383679065	0.0	0.0	0.0	0.0	4.2859591976684385e-05	0.0	4.2859591976684385e-05	0.0	0.0	0.0	0.0	0.0	4.2859591976684385e-05	0.0	0.0	0.0	0.0	0.00625750042859592	0.00012857877593005313	0.0	0.0	0.03844505400308589	8.571918395336877e-05	0.0	0.0	0.0	0.0	0.0	0.0	0.0	0.0	0.0	0.0	0.00030001714383679065	0.0	0.0	0.0	0.0	0.0012000685753471626	0.019629693125321448	0.0006857534716269502	4.2859591976684385e-05	0.0	0.0	0.001671524087090691	0.22621292645294017	0.0	0.001457226127207269	0.0	0.0	0.0	0.00012857877593005313	0.0	0.0	0.0	0.0009429110234870564	0.0	0.0	4.2859591976684385e-05	0.0	0.0	0.0	8.571918395336877e-05	0.0	4.2859591976684385e-05	0.0	0.0	0.0	0.0	0.0	0.0	0.0
StressDiet_71	0.0	2.884005306569764e-05	0.0	0.0	0.0	0.0	0.0	0.0	0.0	0.0	8.652015919709292e-05	0.0	0.0	0.0	0.0	0.0008363615389052316	0.0	0.0006633212205110458	0.0	0.0	0.0	0.0	0.0	0.00017304031839418584	0.0008652015919709292	0.0	0.0	0.0009805618042337198	0.0	0.0	0.0	0.0	0.0012978023879563938	0.0	0.0	0.0	0.0	0.0	0.0	0.0	2.884005306569764e-05	0.00011536021226279056	2.884005306569764e-05	0.0	0.0005191209551825575	0.0	0.0003460806367883717	0.0	0.0	0.0	8.652015919709292e-05	0.0	0.00025956047759127874	5.768010613139528e-05	0.002797485147372671	0.00017304031839418584	0.0	0.0005768010613139528	0.0	0.0	5.768010613139528e-05	0.017534752263944166	0.2211743669608352	0.0	0.0	0.0	2.884005306569764e-05	0.0	2.884005306569764e-05	0.0	0.0	0.0	0.0	0.0	0.0	0.0	0.0	0.0	0.0002884005306569764	0.11951317990425102	0.1991117263655765	2.884005306569764e-05	0.3931476033915902	0.006171771356059295	0.0	0.0	0.0003749206898540693	0.0	0.0	2.884005306569764e-05	2.884005306569764e-05	0.0	0.0	0.0	0.0	2.884005306569764e-05	0.0	2.884005306569764e-05	0.0	0.0	0.0	0.0	0.0	0.0	0.0	0.0	0.0	0.0	0.00011536021226279056	0.0	0.0	0.000721001326642441	0.007498413797081387	5.768010613139528e-05	0.0	5.768010613139528e-05	0.0	0.0	5.768010613139528e-05	5.768010613139528e-05	0.0	0.0	2.884005306569764e-05	0.0	0.0	0.0	0.0	2.884005306569764e-05	0.0	0.0009517217511680222	5.768010613139528e-05	2.884005306569764e-05	0.00011536021226279056	0.0	0.0	0.02113975889715637	0.0	0.0	0.0	0.0	0.0	0.0	0.0	0.0	0.0001442002653284882	0.0	0.00046144084905116225	0.0	0.0	0.00011536021226279056	0.0	0.0	2.884005306569764e-05	0.0005768010613139528	0.0	0.0	0.0	0.0	0.0	0.0	0.0	0.00025956047759127874	0.0
StressDiet_72	0.0	0.0	0.0013525886465789911	2.080905610121525e-05	0.0	0.0	0.0	0.0	0.0	0.0	0.00018728150491093725	0.0	0.0	0.0	0.0	0.000332944897619444	0.0	0.0	0.0	0.0	0.0	0.0	0.0	0.0001248543366072915	2.080905610121525e-05	4.16181122024305e-05	0.0	0.0	0.0	0.0	0.0	0.0	0.003246212751789579	0.0	0.0	0.0	0.0	4.16181122024305e-05	0.0	0.0	0.0	0.0	0.000249708673214583	0.0	0.004640419510571	2.080905610121525e-05	0.0	0.0	0.0	0.0	0.0	0.0	0.0	0.0	0.0	0.0	0.0	0.005784917596137839	0.0	0.0	0.0	0.0	2.080905610121525e-05	0.0	0.0	0.0	4.16181122024305e-05	0.0	4.16181122024305e-05	0.0	0.0	0.0006034626269352422	0.0	0.0	0.0013942067587814216	0.0	0.0	0.0	0.0	0.002268187115032462	0.9114158481771267	2.080905610121525e-05	4.16181122024305e-05	4.16181122024305e-05	0.0	0.0	0.0	8.3236224404861e-05	0.0	0.0002080905610121525	0.000249708673214583	0.0	0.0	0.0	0.0	2.080905610121525e-05	0.0	2.080905610121525e-05	0.0	0.0	0.00014566339270850675	0.0	0.0	0.0	0.0	0.0	0.0	0.0	0.0027051772931579823	0.0	0.00010404528050607625	0.0001248543366072915	0.060283835525220576	0.00010404528050607625	0.0	0.0	0.0	0.0	0.0	0.0	0.00010404528050607625	0.0	0.0	0.0	0.00014566339270850675	0.0	0.00010404528050607625	2.080905610121525e-05	4.16181122024305e-05	0.000249708673214583	0.0002913267854170135	0.0004577992342267355	0.0	0.0	0.0	0.0018520059930081571	0.0	6.242716830364575e-05	0.0	0.0	0.0	0.0	0.0	0.0	0.0	0.0	0.0006242716830364575	0.0	0.0	2.080905610121525e-05	0.0	0.0	0.0	0.0	0.0	0.0	0.0	0.0	0.0	0.0	0.0	2.080905610121525e-05	0.0
StressDiet_73	0.0	2.9605068387707974e-05	0.001124992598732903	0.0	0.0	0.0	0.0	0.0	0.0	0.0	8.881520516312393e-05	0.0	0.0	0.0	2.9605068387707974e-05	0.0042039197110545325	0.0	0.0	0.0	0.0	0.0	0.0	0.0	0.0	0.0	2.9605068387707974e-05	0.0	0.0	0.0	0.0	0.0	0.0	2.9605068387707974e-05	0.0	0.0	0.0	0.0	0.0	0.0	0.0	0.0	0.0	0.00032565575226478773	0.0	0.00248682574456747	0.0	0.0	2.9605068387707974e-05	0.0	0.0	0.0033749777961987093	0.0	0.0	0.0	2.9605068387707974e-05	2.9605068387707974e-05	0.0	0.0018059091716501865	0.0001184202735508319	0.0	0.0	2.9605068387707974e-05	2.9605068387707974e-05	0.0	0.0	0.0	0.0	0.0	5.921013677541595e-05	0.0	0.0	0.0	0.0	0.0	0.0	0.0	0.0	0.0	0.0	0.011190715850553614	0.8554976611995974	2.9605068387707974e-05	0.00017763041032624785	0.03819053822014329	0.0	0.0	0.0021611699923026824	0.0006513115045295755	0.0	2.9605068387707974e-05	5.921013677541595e-05	0.0	0.0	0.0	2.9605068387707974e-05	0.0	0.0	2.9605068387707974e-05	0.0	0.0	0.0	0.0	0.0	0.0	0.0	0.0	0.0	0.0	0.0005624962993664516	0.0	0.0	0.0	0.0731541239860264	8.881520516312393e-05	0.0	0.0	0.0	0.0	0.0	0.0	0.0	0.0	0.0	0.0	0.0	0.0	2.9605068387707974e-05	0.0	0.0	0.0021315649239149743	5.921013677541595e-05	0.00020723547871395582	2.9605068387707974e-05	0.0	0.0	0.0008289419148558233	0.0	8.881520516312393e-05	2.9605068387707974e-05	0.0	0.0	0.0	0.0	0.0	0.0	0.0	0.00020723547871395582	0.0	0.0	0.0	0.0	0.0	0.0	2.9605068387707974e-05	0.0	2.9605068387707974e-05	0.0	0.0	0.0	0.0	0.0	0.0006217064361418675	0.0
StressDiet_74	0.0	0.0	0.0	0.0	0.0	0.0	0.0	0.0	0.0	0.0	3.435717721432007e-05	0.0	0.0	0.0	0.0	8.589294303580018e-05	0.0	0.0	0.0	0.0	0.0	0.0	0.0	0.0	0.0	0.0	0.0	0.0	0.0	0.0	0.0	0.0	6.871435442864014e-05	0.0	0.0	0.0	0.0	0.0	0.0	0.04583247440390298	0.0	0.0	3.435717721432007e-05	0.0	0.0	1.7178588607160036e-05	0.0	0.00020614306328592042	0.0	0.0	0.0	0.0	0.0	0.0	0.0	1.7178588607160036e-05	0.0	1.7178588607160036e-05	0.0	0.0	0.0	0.0	3.435717721432007e-05	0.0	0.0	0.0	1.7178588607160036e-05	0.0	0.0	0.0	0.0	0.0	0.0	0.0	3.435717721432007e-05	0.0	0.0	0.0	0.0	0.008056758056758057	0.9383632240775098	0.0011509654366797224	3.435717721432007e-05	6.871435442864014e-05	0.0	1.7178588607160036e-05	0.0009104651961794819	0.0	5.1535765821480104e-05	1.7178588607160036e-05	1.7178588607160036e-05	0.0	0.0	0.0	0.0	0.0	0.0	1.7178588607160036e-05	0.0	0.0	0.0	0.0	0.0	0.0	0.0	0.0	0.0	1.7178588607160036e-05	5.1535765821480104e-05	0.0	0.0	1.7178588607160036e-05	0.0002748574177145606	5.1535765821480104e-05	0.0	0.0	0.0	0.0	0.0	0.0	0.0	6.871435442864014e-05	0.0	0.0	0.0	0.0	0.0	0.0	6.871435442864014e-05	0.0001374287088572803	0.0	6.871435442864014e-05	0.0	0.0	0.0	0.0036246821961107675	0.0	0.0	0.0	0.0	0.0	0.0	0.0	0.0	0.0	0.0	0.00017178588607160035	0.0	0.0	0.0	0.0	0.0	0.0	0.0	0.0	0.0002748574177145606	0.0	0.0	0.0	0.0	0.0	5.1535765821480104e-05	1.7178588607160036e-05
StressDiet_75	0.0	4.612971676353907e-05	0.0005304917427806994	0.0	0.0	0.0	0.0	0.0	0.0	0.0	0.0	0.0	0.0	0.0	0.0	0.0011532429190884768	0.0	0.0	0.0	2.3064858381769535e-05	0.0	0.0004382323092536212	0.0	0.0	0.0	0.00034597287572654304	0.00029984315896300394	0.0	0.0	0.0	0.0	0.0	0.005581695728388228	2.3064858381769535e-05	0.0	0.0	0.0	0.0	0.0	0.0	0.0	0.0	0.0018682535289233325	0.0	0.009364332502998432	0.0	0.0	6.91945751453086e-05	2.3064858381769535e-05	0.0	4.612971676353907e-05	0.0	0.0011532429190884768	0.0	0.0	0.0	0.0	0.006896392656149091	0.0	0.0	0.004082479933573208	0.0014069563612879416	0.011670818341175386	4.612971676353907e-05	0.0	0.0	0.0	0.0	0.00016145400867238676	0.0	0.0	0.0	0.0	0.0	0.008603192176400038	0.0	6.91945751453086e-05	0.0	0.0	0.08836147246055909	0.5795045668419596	0.0007380754682166251	0.15873235538333794	0.0	0.0	0.0	0.0	0.0004382323092536212	9.225943352707814e-05	0.0006919457514530861	0.0	0.0	0.0004843620260171603	0.0	2.3064858381769535e-05	2.3064858381769535e-05	0.0	0.0	0.0	0.0	0.0011532429190884768	0.0	0.0	2.3064858381769535e-05	9.225943352707814e-05	0.0	0.0	4.612971676353907e-05	0.006204446904696005	6.91945751453086e-05	0.0	0.002375680413322262	0.09421994648952856	2.3064858381769535e-05	0.0	0.0	0.0	0.0	0.0	0.0	2.3064858381769535e-05	6.91945751453086e-05	0.0	0.0	2.3064858381769535e-05	0.0	9.225943352707814e-05	0.0	2.3064858381769535e-05	0.006988652089676169	0.00020758372543592583	2.3064858381769535e-05	0.0	0.0	0.0	0.0032521450318295044	0.0	0.00023064858381769535	0.0	0.0	0.0	0.00023064858381769535	0.0	0.0	2.3064858381769535e-05	0.0	6.91945751453086e-05	0.0	0.0	0.0	0.0	0.0	2.3064858381769535e-05	0.00036903773410831256	0.0	2.3064858381769535e-05	0.0	6.91945751453086e-05	0.0	0.0001383891502906172	0.0	0.0008764646185072424	4.612971676353907e-05
StressDiet_76	0.0	0.0	0.0002617507385110122	0.0	0.0	0.03892607411285196	0.0	0.0	0.0	0.0	0.0	0.0	0.0	0.0	0.0	0.0003365366637998729	0.0	0.0	0.0	0.0	0.0	0.0	0.0	0.0	3.739296264443032e-05	0.0	0.0	0.0	0.0	0.0	0.0	0.0	0.0	0.0	0.0	0.0	0.0	7.478592528886064e-05	0.0	0.0	0.0	0.0	0.0007852522155330367	0.0	0.0013461466551994916	0.0	0.0	0.0	0.0	0.0	0.0	0.0	0.0	0.0	0.0	0.0	0.0	0.0029914370115544254	0.0	0.0	0.0	0.004225404778820626	0.5478442957035486	0.0	0.0	0.0	0.0	0.0	0.0	0.0	0.0	0.0	0.0	0.0	0.0	0.0	0.0	0.0	0.0	0.00011217888793329095	0.0005608944396664548	3.739296264443032e-05	0.0003365366637998729	0.0	0.0	0.0	0.0	3.739296264443032e-05	0.0	0.0	0.0	0.0	0.0	0.0	0.0	3.739296264443032e-05	0.0	0.0001869648132221516	0.0	0.0	0.0	0.0	0.0	0.0	0.0	0.0	0.0	0.0	0.0010470029540440488	0.0007478592528886063	0.0	0.0	0.03245709157536552	0.0	0.0	0.0	0.0	0.0	0.0	0.0	0.0	0.0	0.0	0.0	0.0	0.0	0.0	0.0	0.0	7.478592528886064e-05	0.2259656732602924	0.0	0.0001869648132221516	0.0	0.0	0.0014957185057772127	0.13943835770108065	0.0	0.0	0.0	0.0	7.478592528886064e-05	0.0	0.0	0.0	0.0	7.478592528886064e-05	0.0	0.0	0.0	0.0	0.0	0.0	0.00011217888793329095	0.0	0.0001869648132221516	0.0	0.0	0.0	0.0	0.0	0.0	0.0
StressDiet_77	0.0	5.63729635266926e-05	5.63729635266926e-05	0.0	0.0	0.0	0.0	0.0001127459270533852	0.0	0.0	0.0003946107446868482	0.0	0.0	0.0	0.0	0.0002254918541067704	0.0	0.0	0.0	0.0001127459270533852	5.63729635266926e-05	0.0	0.0	5.63729635266926e-05	0.0	0.0	0.0	0.0	0.0	5.63729635266926e-05	0.0	0.0	0.0	0.0	0.0	0.0	0.0	0.0	0.0	0.0	0.0	0.0	0.0007892214893736964	0.0	0.0	0.0	0.0	0.00016911889058007779	0.0	0.0	0.0	0.0	0.0	0.0	0.0	0.0	0.0	0.00016911889058007779	0.0	0.0	0.0	5.63729635266926e-05	5.63729635266926e-05	0.0	0.0	0.0	0.0	0.0	0.0001127459270533852	0.0	0.0	0.0	0.0	0.0	0.0	0.0	0.00033823778116015557	0.0	0.0	0.0033823778116015557	0.9373132645583179	0.0	0.0001127459270533852	0.04859349456000902	0.0	0.0	0.0	0.0	0.0001127459270533852	0.0	0.0001127459270533852	0.0	0.0	0.0	0.0	0.0	0.0	0.00016911889058007779	0.0	0.0	0.0	0.0	0.0	0.0006201025987936186	5.63729635266926e-05	0.0	0.0	0.0	0.0004509837082135408	0.0	0.0001127459270533852	0.0	0.0001127459270533852	0.0001127459270533852	0.0	0.0001127459270533852	0.0	0.0	0.0	0.0	5.63729635266926e-05	0.0	0.0	0.0	0.0	0.0	0.0	0.0	0.0	0.0032696318845481707	0.0	5.63729635266926e-05	0.0	0.0	0.0	0.0009583403799537742	0.0	0.0	0.0	0.0	0.0	0.0	0.0	0.0	0.0	0.0	0.0005073566717402334	0.0	0.0	0.0	0.0	0.0	0.0	0.0	0.0	0.0	0.0	0.0	0.0	0.0	0.0	0.0009583403799537742	0.0
StressDiet_78	0.0	0.0	0.0005913077756972504	0.0	0.0	0.0	0.0	0.0	0.0	0.0	0.00012318911993692717	0.0	0.0	0.0	0.0	0.010865280378436976	0.0	0.0	0.0	0.0	4.927564797477087e-05	0.0	0.0	0.0	0.0004188430077855524	0.0	0.0	0.0	0.0	0.00012318911993692717	0.0	0.0	0.0007884103675963339	0.0	0.0	0.0	0.0	0.0	0.0	0.0	0.0	0.0	0.0005173943037350942	0.0	0.0008869616635458756	0.0	2.4637823987385435e-05	4.927564797477087e-05	7.39134719621563e-05	0.0	4.927564797477087e-05	0.0	4.927564797477087e-05	0.0	0.0	0.0	2.4637823987385435e-05	0.008376860155711048	0.0	0.0	0.0003449295358233961	0.017147925495220262	0.11385138464570808	9.855129594954174e-05	0.0	0.0	0.0	0.0	0.0007144968956341776	4.927564797477087e-05	0.0	0.0	0.0	0.0	2.4637823987385435e-05	0.0	0.0	0.0	0.0	0.03794224894057357	0.6032078446831576	0.020350842613580368	4.927564797477087e-05	0.1299152458854834	0.0	0.0	0.00024637823987385435	0.0	0.0	7.39134719621563e-05	7.39134719621563e-05	0.0	0.00017246476791169804	0.0	0.0	0.0	0.0	0.0	0.0	0.0	0.0	0.0	0.0	0.0004681186557603233	0.0	0.0	0.0	0.0	0.0016507342071548242	0.0003449295358233961	0.0	0.00032029171183601066	0.024366807923524195	0.0001478269439243126	0.0	0.0	0.0	0.0	0.0	0.0	0.0	0.0	0.0	0.0	0.00012318911993692717	0.0	0.0	0.0	0.0	0.00019710259189908348	0.008327584507736277	0.0	0.0	0.0	0.0	0.0150537104562925	0.0	7.39134719621563e-05	0.00017246476791169804	0.0	0.0	0.0	0.0	0.0	0.0004681186557603233	0.0	9.855129594954174e-05	0.0	0.0	0.0	0.0	0.0	0.0	0.0006405834236720213	4.927564797477087e-05	0.0	0.0001478269439243126	2.4637823987385435e-05	0.0	4.927564797477087e-05	0.0	0.0	0.0
StressDiet_79	0.0	0.000816788137723046	0.0005654687107313395	0.0	0.0	0.00012565971349585322	0.0	6.282985674792661e-05	0.0	0.0	0.00043980899723548633	0.0	0.0	0.0	0.0	0.0009424478512188992	0.0	0.0	0.0	0.0	0.0	0.0	0.0	0.0	6.282985674792661e-05	0.023121387283236993	0.0	0.0	0.0	6.282985674792661e-05	0.0	0.0	6.282985674792661e-05	0.0	0.0	0.0	0.0	0.0	0.0	0.0	0.0	0.0	0.0006282985674792662	0.0	0.00043980899723548633	0.0	0.0	0.0016964061321940187	0.0	0.0	0.0	0.0	0.00025131942699170643	0.0	0.0	0.0	0.0	0.0003769791404875597	0.0	0.0	0.0	0.0	6.282985674792661e-05	0.0	0.0	0.0	6.282985674792661e-05	0.0	0.0	0.0	0.0	0.0	0.0	0.0	0.0	0.0	0.00018848957024377984	0.0	0.0	0.0005654687107313395	0.9449610454888163	0.0	6.282985674792661e-05	6.282985674792661e-05	0.0	0.0	0.0	0.0	0.0	0.0	0.00012565971349585322	0.0	0.0003141492837396331	0.0	0.0	0.0	0.0	0.0	0.0	0.0	0.0	0.0	0.0	0.0003141492837396331	0.0	0.0	0.0	0.0	0.00018848957024377984	0.0	0.0	0.00025131942699170643	0.0027016838401608444	0.005026388539834129	0.0	6.282985674792661e-05	0.0	0.0	0.0	0.0	6.282985674792661e-05	0.0	0.0	0.0	0.0	0.0	0.0	0.0	0.0	0.002953003267152551	6.282985674792661e-05	0.005906006534305102	0.0	0.0	0.0	0.0042724302588590096	0.0	6.282985674792661e-05	0.0	0.0	0.0	0.0	0.0	0.0	0.0	0.0	0.0006911284242271927	0.0	0.0	0.00012565971349585322	0.0	0.0	0.0	0.0005026388539834129	0.0	0.00018848957024377984	0.0	0.0	0.0	0.0	0.0	0.0005654687107313395	0.0
StressDiet_8	0.0	4.625774817281895e-05	0.0001850309926912758	0.0	0.0	0.0	0.0	0.0	0.0	0.0	0.0	0.0	0.0	0.0	0.0	0.00023128874086409475	0.0	0.0	0.0	0.0	0.0	0.0	0.0	0.0	0.0	4.625774817281895e-05	0.0	1.5419249390939648e-05	0.0	0.0	0.0	0.0	4.625774817281895e-05	0.0	0.0	0.0	0.0	1.5419249390939648e-05	0.0	0.0	0.0	0.0	0.0001850309926912758	0.0	0.0	0.0	0.0	0.0	0.00020045024208221543	0.0	0.001588182687266784	0.0	0.0	0.0	0.0	0.0	0.0	0.0011256052055385944	1.5419249390939648e-05	0.0	0.0	0.0	7.709624695469825e-05	1.5419249390939648e-05	0.0	0.0	0.0	0.0	3.0838498781879296e-05	0.0	0.0	0.0	0.0	0.0	0.0	0.0	0.0	0.0	1.5419249390939648e-05	0.00021586949147315508	0.00040090048416443086	3.0838498781879296e-05	0.9931692725198137	7.709624695469825e-05	0.0	0.0	0.0	0.0	0.0	0.0	0.0	0.0	0.0	0.0	0.0	0.0	0.0	1.5419249390939648e-05	0.0	0.0	0.0	0.0	0.0	0.0	0.0	0.0	0.0	0.0	6.167699756375859e-05	0.0	0.0	0.0	0.00010793474573657754	4.625774817281895e-05	0.0	1.5419249390939648e-05	0.0	0.0	0.0	0.0	0.0	0.0	0.0	0.0	0.0	0.0	0.0	0.0	1.5419249390939648e-05	0.0010330897091929566	0.0002775464890369137	1.5419249390939648e-05	1.5419249390939648e-05	4.625774817281895e-05	0.0	0.0001541924939093965	0.0	0.0	1.5419249390939648e-05	0.0	0.0	0.0	0.0	0.0	0.0	0.0	0.00010793474573657754	0.0	0.0	0.0	0.0	0.0	0.0	0.00021586949147315508	0.0	0.0	0.0	0.0	0.0	0.0	0.0	0.00012335399512751718	0.0
StressDiet_80	0.0	0.0008089212457387184	0.0002022303114346796	5.7780088981337034e-05	0.0	0.0	0.0	0.0	0.0	0.0	0.0009244814237013925	0.0	0.0	0.0	0.0	0.0	0.0	0.0	0.0	0.0	0.0	0.0	0.0	0.0	0.0	0.0	0.0	0.0	0.0	0.0	0.0	0.0	0.0	0.0	0.0	0.0	0.0	2.8890044490668517e-05	0.0	0.0	0.0	0.0	8.667013347200555e-05	0.0	0.0	2.8890044490668517e-05	0.0	0.0005489108453227018	0.0	0.0	0.00014445022245334257	0.0	0.0	0.0	0.0	0.0	0.0	5.7780088981337034e-05	0.00011556017796267407	0.0	0.0	0.0	2.8890044490668517e-05	0.0	0.0	0.0	8.667013347200555e-05	0.0	2.8890044490668517e-05	0.0	0.0	0.0	0.0	0.0	0.0	0.0	0.0	0.0	0.0	0.0003466805338880222	0.9919396775871034	8.667013347200555e-05	2.8890044490668517e-05	2.8890044490668517e-05	0.0	0.0	0.0005200208008320333	0.0	0.0	0.0	0.00023112035592534814	0.0	0.0	0.0	0.0	0.0	0.0	0.0	0.0	0.0	0.0	0.0	0.0	0.0	0.0	0.0	0.0	0.0	0.0	0.0	0.00011556017796267407	0.0	5.7780088981337034e-05	2.8890044490668517e-05	0.0	0.0001733402669440111	0.0	0.0	0.0	0.0	0.0	0.0	0.0	0.0	0.0	0.0	0.0	0.0	0.0	0.00078003120124805	0.0	2.8890044490668517e-05	0.0	0.0	0.0	0.0013289420465707517	0.0	0.0	5.7780088981337034e-05	0.0	0.0	0.0	0.0	0.0	0.0	0.0	0.0008089212457387184	0.0	0.0	0.0	0.0	0.0	0.0	2.8890044490668517e-05	0.0	0.0001733402669440111	0.0	0.0	0.0	0.0	0.0	8.667013347200555e-05	0.0
StressDiet_81	0.0	1.8688794198998282e-05	0.0	0.0	0.0	0.0	0.0005045974433729536	0.0	0.0	0.0	0.0005793526201689467	3.7377588397996563e-05	0.0	0.0	0.0	0.0002055767361889811	0.0	0.0	0.0	0.0	0.0	0.0	0.0	0.0	0.0002055767361889811	1.8688794198998282e-05	0.0	0.0	0.0	0.0	0.0	0.0	0.0008970621215519175	0.0	0.0	0.0	1.8688794198998282e-05	0.0	0.0	0.0	0.0	3.7377588397996563e-05	0.00014951035359198625	0.0029715182776407266	0.0013642819765268745	1.8688794198998282e-05	0.0	0.0	0.0	0.0	0.0	0.0	0.00011213276519398969	0.0	0.0002055767361889811	0.0	0.0	0.000598041414367945	0.0	3.7377588397996563e-05	0.0005606638259699485	0.011175898931000973	0.45172684458398743	0.0	0.00011213276519398969	0.0	1.8688794198998282e-05	0.0	7.475517679599313e-05	0.0	0.0	0.0	0.0	0.0	9.344397099499141e-05	0.0	0.0	0.0	7.475517679599313e-05	0.04732002691186365	0.00035508708978096735	0.4541376990356582	7.475517679599313e-05	0.0	0.0	0.0	0.0	0.0003924646781789639	0.0	0.0	0.00037377588397996563	0.0	1.8688794198998282e-05	0.0	0.0	0.0	0.0	0.0002055767361889811	1.8688794198998282e-05	0.0	3.7377588397996563e-05	0.0	1.8688794198998282e-05	0.0	0.0	0.0	0.0	0.0	0.0005419750317709501	3.7377588397996563e-05	0.0	0.00044853106077595876	0.008279135830156239	9.344397099499141e-05	0.0	0.0	0.0	0.0	0.0	0.0	3.7377588397996563e-05	0.0	7.475517679599313e-05	1.8688794198998282e-05	0.0	0.0	0.0	0.0	0.0	1.8688794198998282e-05	0.00011213276519398969	0.0006354190027659416	0.00013082155939298797	0.0	0.0	0.008073559093967257	0.0	0.0	0.0	0.0	0.0	0.0	0.0	0.0	0.003924646781789639	0.0	0.0002803319129849742	0.0	0.0	0.0013829707707258727	0.0	0.0	0.0	0.0003924646781789639	0.0	0.0002055767361889811	0.0	0.0	0.0	0.0002055767361889811	0.00033639829558196907	0.0	0.0
StressDiet_82	0.0	0.00037764350453172205	0.0	0.0	0.0006294058408862034	0.0006294058408862034	0.0	0.00018882175226586103	0.0	0.0	0.0	0.0004405840886203424	0.0	0.0	0.0	0.003272910372608258	6.294058408862034e-05	0.0009441087613293052	0.0	0.0004405840886203424	0.0	0.0004405840886203424	0.0	0.0	0.01680513595166163	0.0006294058408862034	0.0	0.0023288016112789525	0.0	0.0	6.294058408862034e-05	0.0	0.007489929506545821	0.0	0.0	6.294058408862034e-05	0.0	0.0	0.0004405840886203424	0.0	0.00012588116817724068	0.0	0.00365055387713998	0.0	0.02184038267875126	0.0	0.0007552870090634441	0.00025176233635448137	0.0	0.0	0.00025176233635448137	0.0005664652567975831	0.0	0.0	0.00931520644511581	0.0	0.0	0.02763091641490433	0.00025176233635448137	0.0019511581067472306	0.02014098690835851	0.0	0.0	0.0	0.003524672708962739	0.0	0.00012588116817724068	0.0	0.0009441087613293052	0.0	0.0	0.0	0.0	0.00012588116817724068	0.0038393756294058407	0.0	0.0007552870090634441	6.294058408862034e-05	0.002958207452165156	0.0006294058408862034	0.0026435045317220545	0.0	0.00018882175226586103	0.0003147029204431017	6.294058408862034e-05	0.0	0.0	0.0	0.0007552870090634441	0.0	0.00182527693856999	0.0	0.0	0.0	0.0005664652567975831	0.0	0.0	0.00012588116817724068	0.00018882175226586103	0.0	0.0003147029204431017	0.0	0.0	0.00025176233635448137	0.0	0.0	0.0	0.0	0.01095166163141994	0.00012588116817724068	0.0	0.0	0.17377895266868076	0.019637462235649546	0.0003147029204431017	0.0007552870090634441	0.0	0.0	0.0	0.0014476334340382678	0.0	0.0004405840886203424	0.0016993957703927492	0.00012588116817724068	0.0010699899295065459	0.0	0.0	0.00012588116817724068	0.0	0.010699899295065459	0.6080689828801611	0.002391742195367573	0.0010070493454179255	6.294058408862034e-05	0.0	0.004594662638469285	0.0	0.00012588116817724068	0.00918932527693857	0.0	0.0	0.0	0.0	0.0	0.0	0.0	0.0017623363544813696	0.0	0.0	0.0003147029204431017	0.0	0.0	0.00012588116817724068	0.008559919436052367	0.0	0.0	6.294058408862034e-05	0.0	0.0	6.294058408862034e-05	0.0	0.0	0.0003147029204431017
StressDiet_83	0.0	0.00031197504199664025	0.00045596352291816654	2.3998080153587712e-05	0.0	0.0	0.0	0.0	0.0	0.0	9.599232061435085e-05	0.0	0.0	0.0	4.7996160307175425e-05	0.02435805135589153	0.00045596352291816654	0.0	4.7996160307175425e-05	2.3998080153587712e-05	0.0	0.0003839692824574034	0.0	0.0	0.00028797696184305253	0.00014398848092152627	0.0	9.599232061435085e-05	0.0	0.0	0.0	0.0	0.006839452843772498	0.0	0.0	0.0	7.199424046076313e-05	2.3998080153587712e-05	0.0	0.0	2.3998080153587712e-05	2.3998080153587712e-05	0.0006959443244540437	0.0	0.008063354931605472	0.0	0.0	0.00033597312215022796	0.0	0.0	0.0	2.3998080153587712e-05	0.006671466282697385	0.0	7.199424046076313e-05	0.0	0.0	0.05183585313174946	0.0	7.199424046076313e-05	4.7996160307175425e-05	0.0	0.0	0.0	2.3998080153587712e-05	0.0	4.7996160307175425e-05	0.0	0.0003839692824574034	0.0	0.0	0.0	0.0	0.0	0.0016078713702903768	0.0	0.0	0.0	0.0	0.0025677945764338854	0.7606671466282697	0.0	7.199424046076313e-05	4.7996160307175425e-05	0.0	0.0	0.0	0.00043196544276457883	4.7996160307175425e-05	0.00011999040076793856	9.599232061435085e-05	4.7996160307175425e-05	0.0005999520038396928	0.0	0.0	0.0	0.0	0.00014398848092152627	0.0	0.0	0.0028797696184305254	0.0	0.0	0.00014398848092152627	2.3998080153587712e-05	0.0	0.0	0.0	0.022198224142068634	0.0	0.0	0.008039356851451884	0.07218622510199184	0.0009599232061435085	0.0	0.00031197504199664025	0.0	0.00023998080153587713	0.0	0.0	0.0	0.0	2.3998080153587712e-05	2.3998080153587712e-05	9.599232061435085e-05	0.00011999040076793856	0.00021598272138228941	0.0	0.0	0.00083993280537557	2.3998080153587712e-05	0.00031197504199664025	0.0	0.0	0.0	0.011399088072954163	0.0	0.00043196544276457883	0.0	0.0	0.0	0.0	0.0011039116870650348	0.0	0.0	0.0007439404847612191	0.00028797696184305253	0.0	0.0	0.0	0.0	0.0	0.0	0.008159347252219822	0.0	0.0	2.3998080153587712e-05	0.00011999040076793856	0.0	0.00047996160307175426	0.0	0.00014398848092152627	2.3998080153587712e-05
StressDiet_84	0.0	0.0	0.0	0.0	0.0	0.0	0.0	0.0	0.0	0.0	0.0	0.0	0.0	0.0	0.0	0.0010140932965832857	0.0	0.0	0.0	0.0	0.0	0.0	0.0	0.0	0.0	0.0	0.0	0.0	0.0	0.0	0.0	0.0	4.333732036680708e-05	0.0	0.0	8.667464073361416e-06	0.0	0.0	0.0	0.0	0.0	0.0	0.00017334928146722832	0.0	0.0007714043025291661	1.7334928146722833e-05	0.0	0.0	0.00028602631442092673	0.0	0.00026002392220084245	0.0	8.667464073361416e-06	0.0	0.0	0.0	0.0	0.0010660980810234541	0.0	0.0	1.7334928146722833e-05	1.7334928146722833e-05	3.4669856293445665e-05	0.0	0.0	0.0	0.0	0.0	8.667464073361416e-06	0.0	0.0	0.0	0.0	0.0	0.0	0.0	0.0	0.0	0.0	0.0002686913862742039	0.9799694905264618	8.667464073361416e-06	0.00035536602700781805	8.667464073361416e-06	0.0	0.0	0.0	0.0	0.0	0.0	0.00010400956888033699	0.0	0.0	0.0	8.667464073361416e-06	8.667464073361416e-06	0.0	0.0	0.0	0.0	0.0	0.0	0.0	0.0	0.0	0.0	0.0	0.0	0.00018201674554058973	0.0	8.667464073361416e-06	3.4669856293445665e-05	0.009664222441797978	6.933971258689133e-05	0.0	0.0	0.0	0.0	0.0	0.0	0.0	8.667464073361416e-06	0.0	0.0	2.6002392220084247e-05	0.0	0.0	0.0	0.0	0.0026782463986686775	6.067224851352991e-05	0.00034669856293445664	0.0	8.667464073361416e-06	0.0	0.0014041291798845494	0.0	8.667464073361416e-06	0.0002773588503475653	0.0	0.0	0.0	0.0	0.0	8.667464073361416e-06	0.0	0.00015601435332050548	0.0	0.0	0.0	0.0	0.0	0.0	1.7334928146722833e-05	3.4669856293445665e-05	4.333732036680708e-05	8.667464073361416e-06	0.0	0.0	0.0	0.0	0.0004940454521816007	0.0
StressDiet_85	0.0	3.341464229625422e-05	3.341464229625422e-05	0.0	0.0	0.0	0.0	0.0	0.0	0.0	0.00033414642296254217	0.0	0.0	0.0	0.0	6.682928459250843e-05	0.0	0.0	0.0	6.682928459250843e-05	0.0	0.0	0.0	0.0	0.0	0.0	0.0	3.341464229625422e-05	0.0	3.341464229625422e-05	0.0	0.0	6.682928459250843e-05	0.0	0.0	0.0	0.0	0.0	0.0	0.0053129281251044205	0.0	0.0	0.0006348782036288301	0.0	0.0002004878537775253	3.341464229625422e-05	0.0	0.0	0.0	0.0	3.341464229625422e-05	0.0	3.341464229625422e-05	0.0	0.0	0.00013365856918501687	0.0	0.0007017074882213386	3.341464229625422e-05	0.0	0.0	3.341464229625422e-05	0.00016707321148127108	0.0	0.0	0.0	0.0	0.0	3.341464229625422e-05	0.0	0.0	0.0	0.0	0.0	0.0	0.0	3.341464229625422e-05	0.0	0.0	0.009623416981321214	0.7748855548501353	0.0	0.00023390249607377952	0.20128980519263542	0.0	0.0	0.0025060981722190663	0.0	6.682928459250843e-05	0.0	0.00010024392688876265	0.0	0.00010024392688876265	0.0	0.0	0.0	0.0	0.0	0.0	0.0	0.0	0.0	0.0	0.0	0.0	0.0	0.0	0.0	0.00010024392688876265	3.341464229625422e-05	0.0	0.0	0.0005680489190363217	0.00016707321148127108	0.0	0.0	0.0	0.0	0.0	0.0	0.0	0.0	0.0	0.0	0.0	0.0	0.0	0.0	0.0	0.00016707321148127108	0.0	0.00013365856918501687	3.341464229625422e-05	0.0	0.0	0.001370000334146423	0.0	0.0	0.0	0.0	0.0	0.0	3.341464229625422e-05	0.0	0.0	0.0	0.0004009757075550506	0.0	0.0	3.341464229625422e-05	0.0	0.0	6.682928459250843e-05	3.341464229625422e-05	0.0	0.0	0.0	0.0	0.0	0.0	0.0	0.0	0.0
StressDiet_86	0.0	0.0010722667314072994	4.046289552480375e-05	0.0	0.0	0.00014162013433681315	0.0	0.0	0.0	0.0012138868657441126	0.0003439346119608319	2.0231447762401877e-05	0.0	0.0	0.0	0.005948045642146152	2.0231447762401877e-05	2.0231447762401877e-05	0.0	6.0694343287205633e-05	0.0029335599255482722	6.0694343287205633e-05	0.0	2.0231447762401877e-05	0.0011734239702193088	6.0694343287205633e-05	0.0	0.0	0.00040462895524803755	0.0028930970300234684	0.0	0.0	0.002124302015052197	0.0	0.0	0.0	4.046289552480375e-05	0.0	0.0	2.0231447762401877e-05	0.0	0.0	0.021323945941571578	0.0	0.0010318038358824958	2.0231447762401877e-05	2.0231447762401877e-05	2.0231447762401877e-05	2.0231447762401877e-05	0.0	6.0694343287205633e-05	0.0	0.006332443149631788	0.00026300882091122443	0.00012138868657441127	0.0011329610746945052	0.00020231447762401877	0.0009306465970704864	2.0231447762401877e-05	0.0	0.00301448571659788	0.004531844298778021	0.03580966253945132	0.0	0.0	0.0	6.0694343287205633e-05	0.0	2.0231447762401877e-05	0.004005826656955572	0.0	0.0	0.0	0.0	0.0015780529254673463	0.0	0.0	0.0	4.046289552480375e-05	0.002953791373310674	0.8392004531844299	0.00010115723881200939	0.00010115723881200939	6.0694343287205633e-05	0.0	0.0	0.0004653232985352432	0.0	0.0002832402686736263	0.00010115723881200939	0.00024277737314882253	0.0	0.00032370316419843	0.0	4.046289552480375e-05	6.0694343287205633e-05	0.0035000404628955247	2.0231447762401877e-05	0.0	0.0	4.046289552480375e-05	0.0	2.0231447762401877e-05	0.0	6.0694343287205633e-05	0.0	0.0	0.00010115723881200939	0.0036821234927571418	6.0694343287205633e-05	0.0	0.0041676782390547866	0.013494375657522052	0.00022254592538642064	2.0231447762401877e-05	0.0008699522537832807	0.0	0.0	2.0231447762401877e-05	0.0	4.046289552480375e-05	0.0	0.0	8.09257910496075e-05	0.0	0.0	0.0	0.00022254592538642064	8.09257910496075e-05	0.018086914299587278	2.0231447762401877e-05	0.00014162013433681315	4.046289552480375e-05	0.0	0.0	0.006109897224245367	0.0	2.0231447762401877e-05	0.0	0.0	0.00010115723881200939	0.00012138868657441127	8.09257910496075e-05	0.0	6.0694343287205633e-05	0.0004653232985352432	0.00064740632839686	0.0	0.0	0.0	0.0	8.09257910496075e-05	0.0	0.0006069434328720563	0.0	0.0	0.0	0.0003439346119608319	0.0	0.0005057861940600469	0.0	0.0027110140001618517	4.046289552480375e-05
StressDiet_88	0.0	0.0005471568110890447	2.0265067077372025e-05	0.0	0.0	0.0	0.0	0.0	0.0	0.0	0.0003445061403153244	0.0	0.0	0.0	0.0	0.0004863616098569286	0.0	0.00010132533538686013	0.0	2.0265067077372025e-05	0.0	0.0	0.0	0.0001418554695416042	0.0008511328172496251	0.0	0.0	6.079520123211608e-05	0.0	0.0020467717748145747	0.0	0.0	0.0004053013415474405	0.0	0.0	0.0	0.0	4.053013415474405e-05	0.0	0.0	0.0	2.0265067077372025e-05	0.006160580391521096	0.0	2.0265067077372025e-05	6.079520123211608e-05	0.0	4.053013415474405e-05	6.079520123211608e-05	0.0	0.0006687472135532769	0.0	0.0	0.0	2.0265067077372025e-05	0.0	0.0	0.0	0.0	2.0265067077372025e-05	6.079520123211608e-05	0.00018238560369634822	0.0011145786892554615	0.0	0.0	0.0	0.0	0.0	8.10602683094881e-05	0.0	0.0	2.0265067077372025e-05	0.0	0.0	0.0	0.00018238560369634822	0.00044583147570218456	0.0	0.0	0.01949499452843189	0.9399748713168241	6.079520123211608e-05	0.017833259028087384	4.053013415474405e-05	0.0	0.0	0.0	0.0	0.00020265067077372025	0.0	0.00022291573785109228	0.0	0.0	0.0	0.0	4.053013415474405e-05	0.0	0.0	0.0	0.0	0.0	0.0	2.0265067077372025e-05	2.0265067077372025e-05	0.0	0.0	0.0	0.0	0.0002431808049284643	0.0	8.10602683094881e-05	0.0	0.0008916629514043691	0.0001621205366189762	0.0	0.00012159040246423215	0.0	0.0	0.0	2.0265067077372025e-05	0.0	0.0	0.0	0.0	0.0	0.0	0.0	0.0	0.0	0.0021480971102014346	0.0005268917440116727	6.079520123211608e-05	0.0	0.0	0.0	0.0011551088234102054	0.0007295424147853929	0.0	0.0001418554695416042	0.0	0.0	0.0	0.0	0.0	2.0265067077372025e-05	0.0	0.0005471568110890447	0.0	0.0001621205366189762	0.00022291573785109228	0.0	0.0	2.0265067077372025e-05	6.079520123211608e-05	0.0	0.0	0.0	0.0	0.0	0.0	0.0	0.0005471568110890447	0.0
StressDiet_89	0.0	0.0	0.0017442874585731729	0.0	0.0	0.0019623233908948193	0.0	0.0	0.0	0.0	4.360718646432932e-05	0.0	0.0	0.0	0.0	0.07387057387057387	0.0	0.0	0.0	0.0	0.0	0.00030525030525030525	0.0	0.0	0.0	0.0	0.0	0.0	4.360718646432932e-05	0.0008285365428222571	0.0	0.0	0.001090179661608233	0.0	0.0	0.0	0.0	0.0	0.0	0.0	0.0	0.0	0.023460666317809176	0.0	0.021149485435199723	0.0	0.0	0.0	0.046703296703296704	0.0	0.0015262515262515263	0.0	0.0002180359323216466	0.00449154020582592	0.0	0.0	8.721437292865864e-05	0.03366474795046224	0.0	0.0	0.011861154718297575	4.360718646432932e-05	0.0	0.015785801500087213	0.0	0.0	0.0	0.0	0.00013082155939298797	0.0	0.0	0.0	0.0	0.0	0.0	0.0	0.0	0.0	0.0	0.08917669631955347	0.0012646084074655504	0.24877899877899878	0.00030525030525030525	0.0	0.0	0.0	0.0	4.360718646432932e-05	4.360718646432932e-05	0.0	0.00017442874585731728	0.0	0.0002180359323216466	0.0	0.0003924646781789639	0.0	0.0	0.0	0.0	0.0	0.00013082155939298797	0.0	0.0	0.00017442874585731728	0.0	0.0	0.0	0.0	0.006497470783185069	0.0006105006105006105	4.360718646432932e-05	0.0002180359323216466	0.09475841618698762	0.0	8.721437292865864e-05	4.360718646432932e-05	0.0	0.0	0.0	0.0	0.0	0.0	4.360718646432932e-05	0.0	0.0	0.0	0.0	0.0	0.0	0.030263387406244548	0.1662742019884877	0.00026164311878597594	0.005363683935112507	0.0	0.0	0.015262515262515262	0.07417582417582418	4.360718646432932e-05	0.0	0.0	0.0	0.0	0.0	0.0	0.0	0.0	0.0	0.0	0.0	0.0	0.0	0.0	0.0	0.024856096284667714	0.0	0.0002180359323216466	0.0	4.360718646432932e-05	0.0	4.360718646432932e-05	0.0	0.0011773940345368916	0.0
StressDiet_9	0.0	0.0	0.0	0.0	0.0	0.0	0.0	0.0	0.0	0.0	0.0	0.0	0.0	0.0	0.0	0.023495436394751854	0.0	0.0	0.000356531660011409	0.0	0.0	0.000356531660011409	0.0	0.0	3.56531660011409e-05	0.0	0.0	0.0	0.0	0.0	0.0	0.0	0.01105248146035368	3.56531660011409e-05	0.0	0.0	0.0	0.0	0.0	0.0	3.56531660011409e-05	0.0	0.0006061038220193953	0.0	0.0022818026240730175	0.0	0.0	0.0	0.0	0.0	3.56531660011409e-05	0.0	0.029913006274957216	7.13063320022818e-05	0.0	0.0	0.0001782658300057045	0.004064460924130063	0.0	0.0	0.00042783799201369084	3.56531660011409e-05	0.0005704506560182544	0.0002852253280091272	0.0	0.0	0.0	3.56531660011409e-05	0.00010695949800342271	0.0	0.0	0.0	0.0	0.0	0.0004634911580148317	0.0	0.0	3.56531660011409e-05	0.0	0.013619509412435823	0.0001782658300057045	0.0	0.5948730747290359	3.56531660011409e-05	0.0	0.0	0.0	0.00024957216200798633	0.0	0.00356531660011409	0.0	0.0	0.0030305191100969764	0.0	0.0009626354820308044	7.13063320022818e-05	0.0	0.0	0.0	0.0	0.002495721620079863	0.0	0.0	0.0	0.0	0.0	0.0	0.0023174557900741584	0.0726968054763263	0.0004991443240159727	0.0	0.07733171705647461	0.10724472333143183	0.0	7.13063320022818e-05	0.0	0.0	0.0	0.0	0.0	0.0	3.56531660011409e-05	0.0	0.0	0.0	7.13063320022818e-05	0.0	0.000713063320022818	0.0	0.0002852253280091272	0.0019252709640616087	0.0001426126640045636	3.56531660011409e-05	0.0	0.0	0.03761409013120365	0.0003208784940102681	0.0003208784940102681	0.0001426126640045636	0.0	0.0	0.0	7.13063320022818e-05	0.0	0.0	0.0001426126640045636	0.0	3.56531660011409e-05	0.0	0.0	0.0	7.13063320022818e-05	0.0	0.0006417569880205362	0.0	0.0001426126640045636	7.13063320022818e-05	0.0008200228180262407	0.0	0.0	0.0	0.0	0.0026739874500855674
StressDiet_91	2.9750984261729325e-05	0.0	0.0	0.0	0.0	0.0	0.0	0.0	0.0	0.0	9.916994753909775e-05	0.0	0.0	0.0	0.0	0.00029750984261729327	0.0	0.0	0.0	0.0	0.0	0.0	0.0	0.0	2.9750984261729325e-05	0.0	0.0	0.0	0.0	0.0	0.0	0.0	0.0	0.0	0.0	0.0	0.0	0.0	0.0	0.0	0.0	0.0	3.96679790156391e-05	0.0	6.941896327736843e-05	0.0	0.0	0.0	0.0	0.0	0.0	0.0	0.0	0.0	0.0	0.0	0.0	0.00022809087933992482	0.0	0.0	0.00032726082687902256	0.0	0.0	0.0	0.0	0.0	0.0	0.0	0.0	0.0	0.0	0.0	0.0	0.0	9.916994753909774e-06	0.0	0.0	0.0	0.0	0.14464928548052797	0.16969961422890406	0.010155002628003609	0.6730168489740869	1.983398950781955e-05	0.0	0.0	0.0	0.0	9.916994753909774e-06	9.916994753909774e-06	3.96679790156391e-05	0.0	0.0	0.0	0.0	0.0	0.0	2.9750984261729325e-05	0.0	0.0	9.916994753909774e-06	0.0	0.0	0.0	0.0	0.0	0.0	0.0	7.93359580312782e-05	0.0	0.0	2.9750984261729325e-05	0.000793359580312782	9.916994753909774e-06	0.0	0.0	0.0	0.0	0.0	0.0	0.0	0.0	0.0	0.0	0.0	0.0	0.0	0.0	0.0	1.983398950781955e-05	0.0	5.950196852345865e-05	9.916994753909774e-06	0.0	0.0	0.00017850590557037596	0.0	0.0	0.0	0.0	0.0	0.0	0.0	0.0	0.0	0.0	2.9750984261729325e-05	0.0	0.0	0.0	0.0	0.0	0.0	9.916994753909774e-06	0.0	0.0	0.0	0.0	0.0	9.916994753909774e-06	0.0	0.0	0.0
StressDiet_92	0.0	0.0	0.0	0.0	0.0	0.0	0.0	0.0	0.0	2.500625156289072e-05	0.00015003750937734434	0.0	0.0	0.0	0.0	0.0003500875218804701	0.0	0.0	0.0	0.0	0.0	7.501875468867217e-05	0.0	0.0	0.0	0.0	0.0	0.0	0.0	0.0	0.0	0.0	0.00012503125781445363	0.0	0.0	0.0	0.0	0.0	0.0	0.0	0.0	0.0	0.0009252313078269567	0.0	0.00012503125781445363	0.0	0.0	5.001250312578144e-05	0.0	0.0	0.0	0.0	0.0	0.0	0.0	0.0	0.0	0.0005001250312578145	0.0	0.0	0.0	0.0	0.0	0.0	0.0	0.0	0.0	0.0	7.501875468867217e-05	0.0	0.0	0.0	0.0	0.0	0.0	0.0	0.0	0.0	0.0	0.18984746186546636	0.354688672168042	0.0	0.44318579644911227	0.0019254813703425857	0.0	0.0	0.0	0.0	0.0	2.500625156289072e-05	0.00012503125781445363	0.0	0.0	0.0	0.0	0.0	0.0	0.0	0.0	0.0	7.501875468867217e-05	0.0	0.0	2.500625156289072e-05	0.0	0.0	0.0	0.0	0.00027506876719179794	0.0	0.0	0.0	0.006051512878219555	0.00010002500625156288	0.0	5.001250312578144e-05	0.0	0.0	0.0	0.0	2.500625156289072e-05	0.0	0.0	0.0	0.00010002500625156288	0.0	2.500625156289072e-05	0.0	0.0	0.00037509377344336085	2.500625156289072e-05	0.00010002500625156288	0.0	0.0	0.0	0.0002250562640660165	2.500625156289072e-05	0.0	0.0	0.0	0.0	0.0	0.0	0.0	0.0	0.0	5.001250312578144e-05	0.0	0.0	0.0	0.0	0.0	0.0	0.0	0.0	0.0	0.0	0.0	0.0	0.0	0.0	0.00027506876719179794	0.0
StressDiet_93	0.0	4.667553501832015e-05	0.0005367686527106817	2.3337767509160075e-05	0.0	0.0	0.0	0.0	0.0	0.0	0.0002800532101099209	0.0	0.0	0.0	0.0	7.001330252748022e-05	0.0	0.0	0.0	0.0	0.0	0.0	0.0	2.3337767509160075e-05	0.0	0.0	0.0	0.0	0.0	0.0	0.0	0.0	0.00030339097761908096	0.0	0.0	0.0	2.3337767509160075e-05	0.0	0.0	0.0	0.0	0.0	0.00016336437256412052	0.0	0.0037107050339564517	0.0	0.0	7.001330252748022e-05	0.0	0.0	0.03566010875399659	0.0	0.0	0.0	0.0	0.0	0.0	0.00921841816611823	9.33510700366403e-05	0.0	0.0	0.0	2.3337767509160075e-05	0.0	0.0	0.0	0.0	0.0	2.3337767509160075e-05	0.0	0.0	0.0	0.0	0.0	0.0	0.0003734042801465612	9.33510700366403e-05	0.0	0.0	0.0006767952577656422	0.9246890242479404	0.0	0.00021003990758244065	2.3337767509160075e-05	0.0	0.0	0.0	0.0	0.0	0.0	0.00016336437256412052	0.0	0.0	0.0	0.0	0.0	0.0	2.3337767509160075e-05	0.0	0.0	0.0	0.0	0.0	0.00011668883754580036	0.0	0.0	0.0	0.0	0.001983710238278606	0.0	0.0	0.0	0.01909029382249294	0.00016336437256412052	0.0	9.33510700366403e-05	0.0	0.0	0.0	0.0	0.0	0.0	0.0	0.0	0.0	0.0	0.0	0.0	2.3337767509160075e-05	0.0005134308852015216	4.667553501832015e-05	0.0001867021400732806	0.0	0.0	0.0	0.0007701463278022825	0.0	0.00021003990758244065	2.3337767509160075e-05	0.0	0.0	0.0	4.667553501832015e-05	0.0	0.0	0.0	7.001330252748022e-05	0.0	0.0	2.3337767509160075e-05	0.0	0.0	0.0	0.0	0.0	0.0	0.0	0.0	0.0	0.0	0.0	0.00011668883754580036	0.0
StressDiet_94	0.0	0.0	0.0	0.0	0.0	0.00746450551459387	0.0	0.0	0.0	0.0	0.0	0.0	0.0	0.0	0.0	0.0016147705807080617	0.0	0.0	0.0003046736944732192	0.0	0.0	0.00874413503138139	0.0	0.0	0.0	0.0	0.0	0.0	0.0	0.0	0.0	0.0018889769057339589	0.0004874779111571507	0.0	0.0	0.0017975747973919933	0.0	0.0	0.0	0.0	0.0	0.0	0.0	0.0	0.030101761013954054	0.0	0.0	0.0	0.0	0.0	0.0	0.0	0.0	0.0	0.0	0.0232161355188593	0.0	0.0	0.0	0.0	0.04850405216013649	0.005484126500517945	0.10517335933215526	0.003991225397599172	0.0	0.0	0.0	0.0	0.0	0.0	0.0	0.0	0.0	0.0	0.0	0.0	0.0	0.0	0.0	0.0012186947778928768	0.0038998232892572056	0.0001523368472366096	0.0031076716836268355	3.046736944732192e-05	0.0	0.0	0.0	0.0	0.0	3.046736944732192e-05	0.0	3.046736944732192e-05	0.0	0.010328438242642131	0.0	0.0	0.0	0.0	0.0	0.0	0.0	0.0	0.0	0.0	0.016757053196027057	0.0	0.0	0.0	0.00024373895557857535	0.00027420632502589724	0.0	0.04326366461519712	0.2503199073791969	0.0	0.0	0.0	0.0	0.0	0.0	0.0	0.0	0.0	0.0	0.0	0.0	0.0	0.0	0.3299616111144964	0.0	9.140210834196576e-05	0.0	0.0	0.0	0.0	0.0	0.007251233928462617	0.009749558223143015	0.0	0.0	0.0	0.0	0.013070501492901104	0.0	0.0	0.0017975747973919933	0.0	0.0	0.01508134787642435	0.0	0.0	0.0	0.0	0.0	0.0015233684723660959	0.0	0.0	0.0	0.0	0.0	0.022728657607702152	0.0	0.0	0.03031503260008531
StressDiet_95	0.0003385622390249407	0.00042320279878117593	0.00014106759959372532	0.0	0.0	0.0	0.0	0.0	0.0	2.8213519918745063e-05	0.0006206974382123914	0.0	0.0	0.0	0.0015235300756122334	0.0019749463943121545	0.0	0.0	0.0	0.0	0.0	0.0010439002369935673	0.00014106759959372532	2.8213519918745063e-05	0.0	0.0003385622390249407	0.0	0.0	0.0	0.0	5.6427039837490125e-05	0.0	0.0007899785577248617	0.0	0.0	0.0	0.0	0.0003103487191061957	0.0	0.12182597900914117	0.0	0.0	0.0003103487191061957	0.0	0.0020031599142308993	5.6427039837490125e-05	0.0	0.000451416318699921	2.8213519918745063e-05	0.0	0.004373095587405485	0.0	0.0	0.0	8.464055975623518e-05	0.0028213519918745063	0.0	0.004768084866267916	2.8213519918745063e-05	0.0	0.003611330549599368	0.007363728698792461	0.07597900914118046	0.0	2.8213519918745063e-05	0.0	0.00016928111951247036	0.0	2.8213519918745063e-05	0.0	0.0	0.0	0.0	0.0	2.8213519918745063e-05	0.0	2.8213519918745063e-05	0.0	0.0	0.02000338562239025	0.6216566978896287	0.0019467328743934093	0.0008181920776436069	0.0013824624760185081	0.0	0.0	0.0	0.0	0.0	0.00019749463943121543	8.464055975623518e-05	0.0	0.0	0.0	0.0	0.0	0.0	0.00039498927886243086	0.0	0.0	0.0	0.0	0.0	0.001354248956099763	2.8213519918745063e-05	0.0	0.0	0.0	0.0016928111951247037	0.000451416318699921	0.0	0.00014106759959372532	0.06393183613587632	0.00019749463943121543	0.0	0.00016928111951247036	0.0003103487191061957	0.0	0.0	0.0	2.8213519918745063e-05	0.0	0.0	0.0	0.0	0.0	0.0	0.000931046157318587	0.00019749463943121543	0.026661776323214086	0.00047962983861866607	0.00039498927886243086	0.0015517435955309784	0.0	0.0	0.01348606252116014	0.0	2.8213519918745063e-05	2.8213519918745063e-05	0.0	0.0	8.464055975623518e-05	5.6427039837490125e-05	0.0	5.6427039837490125e-05	0.0	0.00042320279878117593	5.6427039837490125e-05	2.8213519918745063e-05	5.6427039837490125e-05	0.0	0.0	0.0	5.6427039837490125e-05	2.8213519918745063e-05	0.0	0.0	0.0	2.8213519918745063e-05	0.00014106759959372532	0.0	0.004034533348380544	0.0046552307865929355
StressDiet_96	0.00011004386033862067	3.144110295389162e-05	0.0	0.0	0.0	0.00034585213249280786	0.0	0.0	1.572055147694581e-05	1.572055147694581e-05	4.7161654430837434e-05	0.0	0.0	0.0	3.144110295389162e-05	0.013896967505620098	0.0	0.0	4.7161654430837434e-05	0.0	0.0030340664350505414	7.860275738472906e-05	0.00026724937510807877	0.0	1.572055147694581e-05	3.144110295389162e-05	0.0	0.0	0.0	0.0037257707000361573	0.0	0.0	0.008709185518227979	0.0	0.0	0.0	3.144110295389162e-05	0.0	0.0	4.7161654430837434e-05	0.0	0.0	0.031063809718444923	0.0	0.006696954929178916	3.144110295389162e-05	0.0	0.00011004386033862067	1.572055147694581e-05	0.0	1.572055147694581e-05	0.0	0.0084419361431199	3.144110295389162e-05	0.0	0.00017292606624640393	4.7161654430837434e-05	0.009180802062536355	0.0	0.0	0.0013991290814481772	0.0021065538979107385	0.008206127870965713	1.572055147694581e-05	0.0	0.00015720551476945812	0.0	0.0	4.7161654430837434e-05	0.0008960714341859112	0.0	0.0008017481253242364	0.0	0.0	0.013456792064265614	0.0	0.0	0.0	0.0	0.002751096508465517	0.00026724937510807877	4.7161654430837434e-05	0.7250632752196947	3.144110295389162e-05	0.0	1.572055147694581e-05	1.572055147694581e-05	0.0012104824637248276	6.288220590778324e-05	0.0005659398531700492	1.572055147694581e-05	0.00034585213249280786	1.572055147694581e-05	1.572055147694581e-05	0.0005187781987392117	0.0	3.144110295389162e-05	4.7161654430837434e-05	0.0	0.011869016365094088	0.002232318309726305	0.0	0.0	4.7161654430837434e-05	6.288220590778324e-05	0.0	0.0	0.00015720551476945812	0.00900787599628995	0.0	0.0	0.011837575262140196	0.10949364103692757	7.860275738472906e-05	3.144110295389162e-05	1.572055147694581e-05	0.0	0.0	0.0	0.0	0.0	0.0	0.0	0.0	4.7161654430837434e-05	0.0	6.288220590778324e-05	0.002248038861203251	0.0	0.00020436716920029554	1.572055147694581e-05	0.00017292606624640393	0.0	0.0	0.0	0.0035214035308358616	1.572055147694581e-05	0.00037729323544669947	0.0	0.0	0.0	0.0014777318388329063	0.0	0.0	0.0	0.0004558959928314285	0.0	6.288220590778324e-05	7.860275738472906e-05	0.0	0.0	0.0	0.0	0.0016820990080332018	0.0	3.144110295389162e-05	0.0	0.00020436716920029554	0.0	3.144110295389162e-05	0.0	3.144110295389162e-05	4.7161654430837434e-05
StressDiet_97	0.0	3.119995008007987e-05	2.0799966720053246e-05	0.0	0.0	0.0	0.0	0.0	1.0399983360026623e-05	0.0	6.239990016015975e-05	0.0	0.0	0.0	0.0	0.000249599600640639	0.0	0.0	0.0	0.0	0.0	3.119995008007987e-05	0.0	0.0	1.0399983360026623e-05	0.0	0.0	0.0	0.0	0.0	0.0	0.0	0.00023919961728061234	0.0	0.0	1.0399983360026623e-05	0.0	0.0	0.0	0.0	0.0	0.0	1.0399983360026623e-05	0.0	3.119995008007987e-05	0.0	0.0	3.119995008007987e-05	2.0799966720053246e-05	0.0	3.119995008007987e-05	0.0	3.119995008007987e-05	0.0	0.0	1.0399983360026623e-05	0.0	0.00040559935104103834	0.0	0.0	9.359985024023962e-05	0.00019759968384050586	0.0008111987020820767	7.279988352018637e-05	0.0	0.0	2.0799966720053246e-05	0.0	0.0002183996505605591	0.0	0.0	0.0	0.0	0.0	0.0	0.0017263972377644197	2.0799966720053246e-05	0.0	0.0	0.12141980572831083	0.10716142854171433	1.0399983360026623e-05	0.7080204671672525	0.010025583959065665	0.0	1.0399983360026623e-05	0.0010399983360026624	1.0399983360026623e-05	0.0	0.0	5.199991680013312e-05	0.0	0.0	0.0	0.0	5.199991680013312e-05	0.0	0.0	0.0	0.0	1.0399983360026623e-05	0.0	0.0	4.159993344010649e-05	0.0	0.0	0.0	0.0	7.279988352018637e-05	1.0399983360026623e-05	1.0399983360026623e-05	5.199991680013312e-05	0.0011959980864030618	0.00017679971712045262	0.0	7.279988352018637e-05	0.0	1.0399983360026623e-05	0.0	0.0	0.0	0.00019759968384050586	0.0	0.0	0.0	0.0	0.0	0.0002183996505605591	0.0	0.00020799966720053248	0.00010399983360026624	0.0003743994009609585	0.0	0.0	0.0	0.0006239990016015974	0.04383592986251222	1.0399983360026623e-05	0.0	0.0	0.0	0.0	0.0	0.0	0.0	0.0	0.000249599600640639	2.0799966720053246e-05	0.0	0.00014559976704037273	0.0	2.0799966720053246e-05	0.0	0.0	0.0	8.319986688021299e-05	0.0	0.0	0.0	0.0	0.0	5.199991680013312e-05	0.0
StressDiet_98	0.0	5.698817495369711e-05	8.548226243054566e-05	0.0	0.0	0.0	0.0	0.0	0.0	0.0	5.698817495369711e-05	0.0	2.8494087476848555e-05	0.0	0.00011397634990739422	0.0003704231371990312	0.0	0.0	0.0	0.0	0.0	0.0	2.8494087476848555e-05	0.0	2.8494087476848555e-05	0.0	0.0	0.0	0.0	0.0	0.0	0.0	0.002308021085624733	0.0	0.0	0.0	0.0	0.0	0.0	0.0	0.0	0.0	0.00028494087476848553	0.0	0.0015956688987035191	0.0	0.0	0.0	0.0	0.0	0.0	0.0	2.8494087476848555e-05	0.0	0.0	0.00011397634990739422	0.0	0.0008833167117823052	0.0	0.0	5.698817495369711e-05	0.0147884314004844	0.1553497649237783	0.0	0.0	0.0	0.0	0.0	2.8494087476848555e-05	0.0	0.0	0.0	0.0	0.0	0.0	0.0	0.0	0.0	0.0	0.03764068955691694	0.032568741986037895	2.8494087476848555e-05	0.4939165123236928	0.00014247043738424277	0.0	0.0	0.0	0.0001994586123379399	2.8494087476848555e-05	2.8494087476848555e-05	0.00017096452486109131	0.0	0.0	0.0	0.0	2.8494087476848555e-05	0.0	0.0	0.0	0.0	0.0	0.0	0.0	5.698817495369711e-05	2.8494087476848555e-05	0.0	0.0	0.0	0.0004559053996295769	5.698817495369711e-05	0.0	2.8494087476848555e-05	0.1075081920501496	2.8494087476848555e-05	0.0	2.8494087476848555e-05	0.0	0.0	0.0	0.0	0.0	2.8494087476848555e-05	0.0	0.0	2.8494087476848555e-05	5.698817495369711e-05	0.0	0.0003134349622453341	0.0	0.0001994586123379399	0.00028494087476848553	0.0	0.001025787149166548	0.0	0.0	0.011369140903262572	0.03459182219689414	0.0	0.09904544806952557	0.0	0.0	0.0	0.0	0.0	0.0017951275110414588	0.0	5.698817495369711e-05	0.0011682575865507908	0.0	0.0	0.0	0.0	0.0	0.0003989172246758798	0.0004274113121527283	0.0	0.0	0.0	0.0	5.698817495369711e-05	0.0	0.0	0.0
StressDiet_99	0.0	0.0	0.0	0.0	0.0	0.0	0.0	0.0	0.0	0.0	5.410523468145543e-05	0.0	0.0	0.0	0.0	0.00010821046936291087	0.0	0.0	0.0	0.0	0.0	0.0	0.0	2.7052617340727716e-05	2.7052617340727716e-05	0.0	0.0	0.0	0.0	0.0	2.7052617340727716e-05	0.0	2.7052617340727716e-05	0.0	0.0	0.0	0.0	0.0	0.0	0.0	0.0	0.0	0.00010821046936291087	0.0	0.0	0.0	0.0	0.0	0.0	0.0	0.0	0.0	0.0	0.0	0.0	2.7052617340727716e-05	0.0	0.0001623157040443663	0.0	0.0	0.0	2.7052617340727716e-05	8.115785202218315e-05	0.0	0.0	0.0	2.7052617340727716e-05	0.0	2.7052617340727716e-05	0.0	0.0	0.0	0.0	0.0	0.0	0.0	0.0	0.0	0.0	0.021236304612471255	0.00043284187745164346	0.02353577708643311	0.9509806573786014	2.7052617340727716e-05	0.0	0.0	0.002083051535236034	0.0	0.0	0.0	0.0	0.0	0.0	0.0	0.0	8.115785202218315e-05	0.0	0.0	0.0	0.0	0.0	0.0	0.0	0.0	2.7052617340727716e-05	0.0	0.0	0.0	5.410523468145543e-05	0.0	0.0	5.410523468145543e-05	0.00027052617340727714	0.0	0.0	0.0	0.0	0.0	0.0	0.0	0.0	0.0	0.0	0.0	0.0	0.0	0.0	0.00013526308670363857	0.0	2.7052617340727716e-05	0.0	8.115785202218315e-05	0.0	0.0	0.0	0.0001623157040443663	0.0	0.0	0.0	0.0	0.0	0.0	0.0	0.0	0.0	0.0	8.115785202218315e-05	0.0	0.0	0.0	0.0	0.0	0.0	0.0	0.0	0.0	0.0	0.0	0.0	0.0	0.0	0.0	0.0
